-- phpMyAdmin SQL Dump
-- version 5.1.1
-- https://www.phpmyadmin.net/
--
-- Host: 127.0.0.1
-- Generation Time: Apr 05, 2022 at 06:38 PM
-- Server version: 10.4.22-MariaDB
-- PHP Version: 8.1.2

SET SQL_MODE = "NO_AUTO_VALUE_ON_ZERO";
START TRANSACTION;
SET time_zone = "+00:00";


/*!40101 SET @OLD_CHARACTER_SET_CLIENT=@@CHARACTER_SET_CLIENT */;
/*!40101 SET @OLD_CHARACTER_SET_RESULTS=@@CHARACTER_SET_RESULTS */;
/*!40101 SET @OLD_COLLATION_CONNECTION=@@COLLATION_CONNECTION */;
/*!40101 SET NAMES utf8mb4 */;

--
-- Database: `jishtest`
--

-- --------------------------------------------------------

--
-- Table structure for table `appointment`
--

CREATE TABLE `appointment` (
  `Appointment_ID` int(11) NOT NULL,
  `Therapist_Name` varchar(20) DEFAULT NULL,
  `Payment_Status` varchar(20) DEFAULT 'Pending',
  `Appointment_Time` time DEFAULT NULL,
  `Appointment_Date` date DEFAULT NULL,
  `file_number` int(11) DEFAULT NULL,
  `employee_id` int(11) DEFAULT NULL,
  `status` varchar(15) DEFAULT 'Confirmed',
  `type` varchar(15) DEFAULT NULL
) ENGINE=InnoDB DEFAULT CHARSET=utf8mb4;

--
-- Dumping data for table `appointment`
--

INSERT INTO `appointment` (`Appointment_ID`, `Therapist_Name`, `Payment_Status`, `Appointment_Time`, `Appointment_Date`, `file_number`, `employee_id`, `status`, `type`) VALUES
(20, 'therapist2', 'unpaid', '12:00:00', '2022-04-05', 123, 102, 'No_Show', 'DX'),
(21, 'therapist2', 'unpaid', '12:01:00', '2022-02-27', 123, 102, 'Confirmed', NULL),
(23, 'therapist1', 'unpaid', '00:00:00', '2022-05-04', 111, 102, 'Confirmed', 'TX'),
(24, 'therapist1', 'unpaid', '00:00:00', '2022-03-12', 111, 102, 'Confirmed', NULL),
(25, 'therapist1', 'unpaid', '00:00:00', '2022-03-10', 111, 102, 'Confirmed', 'Consult'),
(27, 'therapist2', 'unpaid', '09:40:00', '2022-03-09', 123, 103, 'Confirmed', NULL),
(29, 'therapist1', 'unpaid', '00:00:00', '2022-03-03', 112, 103, 'Confirmed', 'DX'),
(30, 'therapist2', 'unpaid', '08:50:00', '2022-03-12', 111, 103, 'Confirmed', NULL),
(31, 'therapist2', 'unpaid', '00:00:00', '2022-03-12', 112, 103, 'Confirmed', NULL),
(32, 'therapist2', 'unpaid', '08:00:00', '2022-03-12', 112, 103, 'Confirmed', NULL),
(33, 'therapist1', 'unpaid', '08:58:00', '2022-03-12', 111, 102, 'Confirmed', NULL),
(34, 'therapist2', 'unpaid', '08:00:00', '2022-03-12', 112, 103, 'Confirmed', NULL),
(35, 'therapist2', 'unpaid', '08:00:00', '2022-03-11', 111, 103, 'Confirmed', NULL),
(36, 'therapist2', 'unpaid', '08:00:00', '2022-03-13', 118, 103, 'Confirmed', NULL),
(37, 'therapist2', 'unpaid', '08:00:00', '2022-03-14', 111, 103, 'Confirmed', NULL),
(38, 'therapist2', 'unpaid', '00:00:00', '2022-03-14', 112, 103, 'Confirmed', 'Consult'),
(74, '', 'unpaid', '08:50:00', '2022-04-06', 111, 103, 'Confirmed', NULL),
(75, 'therapist2', 'unpaid', '08:00:00', '2022-04-05', 111, 103, 'Canceled', NULL),
(76, 'therapist1', 'unpaid', '15:30:00', '2022-04-05', 111, 103, 'No_Show', NULL),
(84, 'therapist1', 'unpaid', '14:40:00', '2022-04-05', 112, 103, 'Canceled', NULL),
(85, 'therapist2', 'unpaid', '08:50:00', '2022-04-05', 112, 103, 'Confirmed', NULL),
(86, 'therapist1', 'unpaid', '15:30:00', '2022-04-05', 112, 102, 'Confirmed', NULL),
(92, 'therapist1', 'unpaid', '15:30:00', '2022-04-05', 111, 102, 'Confirmed', NULL);

-- --------------------------------------------------------

--
-- Table structure for table `bookings`
--

CREATE TABLE `bookings` (
  `id` int(11) NOT NULL,
  `date` date DEFAULT NULL,
  `name` varchar(255) NOT NULL,
  `email` varchar(255) NOT NULL,
  `timeslot` varchar(255) NOT NULL
) ENGINE=InnoDB DEFAULT CHARSET=latin1;

--
-- Dumping data for table `bookings`
--

INSERT INTO `bookings` (`id`, `date`, `name`, `email`, `timeslot`) VALUES
(2, NULL, 'lubna', 'lll', ''),
(3, NULL, 'lubna', 'lll', ''),
(4, NULL, 'lubna', 'lll', ''),
(5, NULL, 'lubna', 'lll', ''),
(6, '2022-02-26', 'lubn', 'lubnasah@gmail.com', ''),
(7, '2022-02-27', 'll', 'lubnasah@gmail.com', ''),
(8, NULL, 'lu', 'll', ''),
(9, NULL, 'lu', 'll', ''),
(10, NULL, 'lu', 'll', ''),
(11, NULL, 'lubna', 'lubnasah@gmail.com', ''),
(12, NULL, 'lubna', 'lubnasah@gmail.com', ''),
(13, NULL, 'lu', 'll', ''),
(14, NULL, 'lu', 'll', ''),
(15, NULL, 'lu', 'll', ''),
(16, NULL, 'lu', 'll', ''),
(17, NULL, 'lu', 'll', '');

-- --------------------------------------------------------

--
-- Table structure for table `department`
--

CREATE TABLE `department` (
  `Department_ID` int(11) NOT NULL,
  `Department_Name` varchar(20) DEFAULT NULL,
  `Employee_ID` int(11) NOT NULL
) ENGINE=InnoDB DEFAULT CHARSET=utf8mb4;

--
-- Dumping data for table `department`
--

INSERT INTO `department` (`Department_ID`, `Department_Name`, `Employee_ID`) VALUES
(11, 'Hearing', 0);

-- --------------------------------------------------------

--
-- Table structure for table `employee`
--

CREATE TABLE `employee` (
  `Employee_ID` int(11) NOT NULL,
  `Name` varchar(20) DEFAULT NULL,
  `Role` varchar(20) DEFAULT NULL,
  `Specialization` varchar(20) DEFAULT NULL,
  `Hired_date` date DEFAULT NULL,
  `Password` varchar(20) DEFAULT NULL,
  `Department_ID` int(11) NOT NULL,
  `employee_email` varchar(20) NOT NULL
) ENGINE=InnoDB DEFAULT CHARSET=utf8mb4;

--
-- Dumping data for table `employee`
--

INSERT INTO `employee` (`Employee_ID`, `Name`, `Role`, `Specialization`, `Hired_date`, `Password`, `Department_ID`, `employee_email`) VALUES
(102, 'therapist1', 'Therapist', 'hearing', '2022-02-25', '147be1b33f2cfbdf9cab', 11, 'test@gmail.com'),
(103, 'therapist2', 'Therapist', 'speach', '2022-02-25', '5a35ac1dbe3ced8e454c', 11, 'test@gmail.com'),
(107, 'admin', 'Admin', 'd', '2022-04-05', 'f4d259e7a7e98f813909', 11, 'admin@gmail.com'),
(108, 'admin2', 'Admin', 'f', '2022-04-05', '275d0d64163f1b33e012', 11, 'admin@gmail.com');

-- --------------------------------------------------------

--
-- Table structure for table `intake_appointments`
--

CREATE TABLE `intake_appointments` (
  `Patient_Name` varchar(20) DEFAULT NULL,
  `Phone_Number` int(10) NOT NULL,
  `Therapist_ID` int(11) DEFAULT NULL,
  `Consult_Date` date DEFAULT NULL,
  `id` int(20) NOT NULL,
  `Consult_Time` time DEFAULT NULL
) ENGINE=InnoDB DEFAULT CHARSET=utf8mb4;

--
-- Dumping data for table `intake_appointments`
--

INSERT INTO `intake_appointments` (`Patient_Name`, `Phone_Number`, `Therapist_ID`, `Consult_Date`, `id`, `Consult_Time`) VALUES
('Patient1', 123456789, 102, '2022-02-28', 18, '12:40:30'),
('Patient2', 123456789, 103, '2022-03-01', 19, '09:44:20'),
('Patient3', 123456789, 102, '2022-02-28', 20, '15:43:33'),
('Patient4', 123456789, 102, '2022-02-02', 21, '11:43:33'),
('Patient5', 123456789, 102, '2022-02-02', 22, '12:43:33'),
('Patient6', 123456789, 103, '2022-02-24', 23, '15:06:00'),
('Patient7', 123456789, 102, '2022-02-24', 24, '15:06:00'),
('Patient8', 123456789, 102, '2022-02-26', 27, '09:52:00'),
('lubna', 32542345, 102, '0000-00-00', 28, '08:00:00'),
('lubna', 2576423, 102, '2022-04-03', 29, '08:00:00'),
('423536', 234345, 102, '2022-04-03', 30, '08:00:00'),
('pat', 62358328, 103, '2022-04-06', 32, '08:50:00'),
('sad', 46568673, 103, '2022-04-05', 34, '08:00:00');

-- --------------------------------------------------------

--
-- Table structure for table `patient`
--

CREATE TABLE `patient` (
  `File_Number` int(11) NOT NULL,
  `National_ID` varchar(20) NOT NULL,
  `Religion` varchar(20) DEFAULT NULL,
  `Address` varchar(20) DEFAULT NULL,
  `Nationality` varchar(20) NOT NULL,
  `Birth_Date` date DEFAULT NULL,
  `Languages` varchar(20) DEFAULT NULL,
  `Gender` varchar(20) DEFAULT NULL,
  `Phone_Number` int(10) NOT NULL,
  `Name` varchar(20) NOT NULL,
  `email` varchar(15) DEFAULT NULL
) ENGINE=InnoDB DEFAULT CHARSET=utf8mb4;

--
-- Dumping data for table `patient`
--

INSERT INTO `patient` (`File_Number`, `National_ID`, `Religion`, `Address`, `Nationality`, `Birth_Date`, `Languages`, `Gender`, `Phone_Number`, `Name`, `email`) VALUES
(111, '1123456789', 'muslim', 'jeddah', 'saudi', '2013-02-08', 'english', 'male', 123456789, 'patient1', NULL),
(112, '1123456789', 'muslim', 'jeddah', 'saudi', '2014-02-06', 'arabic', 'female', 123456789, 'patient2', NULL),
(118, '1123456789', 'muslim', 'jeddah', 'saudi', '2012-02-01', 'arabic', 'female', 123456789, 'patient3', NULL),
(119, '1123456789', 'muslim', 'jeddah', 'saudi', '2022-02-02', 'arabic', 'female', 123456789, 'patient4', NULL),
(120, '1123456789', 'muslim', 'jeddah', 'saudi', '2013-02-05', 'Arabic', 'female', 123456789, 'patient5', NULL),
(121, '1123456789', 'muslim', 'jeddah', 'saudi', '2015-02-04', 'arabic', 'female', 123456789, 'patient6', NULL),
(122, '1123456789', 'msulim', 'jeddah', 'non-saudi', '2019-02-14', 'arabic', 'female', 123456789, 'patient7', NULL),
(123, '1123456789', 'non-muslim', 'jeddah', 'saudi', '2016-02-18', 'arabic', 'female', 123456789, 'patient8', NULL);

-- --------------------------------------------------------

--
-- Table structure for table `reports`
--

CREATE TABLE `reports` (
  `File_Number` int(11) NOT NULL,
  `Report_ID` int(11) NOT NULL,
  `Report_Recommandation` text DEFAULT NULL,
  `therapist_name` varchar(20) DEFAULT NULL,
  `Type` varchar(20) DEFAULT NULL
) ENGINE=InnoDB DEFAULT CHARSET=utf8mb4;

--
-- Dumping data for table `reports`
--

INSERT INTO `reports` (`File_Number`, `Report_ID`, `Report_Recommandation`, `therapist_name`, `Type`) VALUES
(111, 1221147, ',,', 'therapist1', 'Consult'),
(111, 1221154, 'ADHD Test,Autism Test,Anxity and stress Test asd', 'therapist1', 'Psychology'),
(112, 1221149, 'Voice,Feeding,Hearing,CP,Syndromic,EI DX Early Intervention - 180 mins', 'therapist1', 'Consult'),
(112, 1221150, 'Autism Test,Anxity and stress Test                                                 ', 'therapist1', 'TX');

-- --------------------------------------------------------

--
-- Table structure for table `report_type`
--

CREATE TABLE `report_type` (
  `Type` varchar(20) NOT NULL,
  `attr` text DEFAULT NULL
) ENGINE=InnoDB DEFAULT CHARSET=utf8mb4;

--
-- Dumping data for table `report_type`
--

INSERT INTO `report_type` (`Type`, `attr`) VALUES
('Consult', ' Suspected Area,Other Disorder,  Type of Dx (Reccomendation)'),
('DX', NULL),
('Psychology', NULL),
('TX', NULL);

-- --------------------------------------------------------

--
-- Table structure for table `treatment_session`
--

CREATE TABLE `treatment_session` (
  `File_Number` int(11) NOT NULL,
  `Session_ID` int(11) NOT NULL,
  `Treatment_Plan` varchar(20) DEFAULT NULL,
  `Diagnosis` varchar(20) DEFAULT NULL,
  `Treatment_date` date DEFAULT NULL
) ENGINE=InnoDB DEFAULT CHARSET=utf8mb4;

-- --------------------------------------------------------

--
-- Table structure for table `upload`
--

CREATE TABLE `upload` (
  `id` int(11) NOT NULL,
  `name` varchar(30) NOT NULL,
  `type` varchar(30) NOT NULL,
  `size` int(11) NOT NULL,
  `content` mediumblob NOT NULL,
  `uploaded_date` date DEFAULT NULL,
  `File_Number` int(11) DEFAULT NULL
) ENGINE=InnoDB DEFAULT CHARSET=utf8mb4;

--
-- Dumping data for table `upload`
--

INSERT INTO `upload` (`id`, `name`, `type`, `size`, `content`, `uploaded_date`, `File_Number`) VALUES
(58, '584932_2.jpg', 'image/jpeg', 38826, 0xffd8ffe000104a46494600010100000100010000ffdb0043000302020302020303030304030304050805050404050a070706080c0a0c0c0b0a0b0b0d0e12100d0e110e0b0b1016101113141515150c0f171816141812141514ffdb00430103040405040509050509140d0b0d1414141414141414141414141414141414141414141414141414141414141414141414141414141414141414141414141414ffc00011080276027603011100021101031101ffc4001e0001000006030100000000000000000000000305060708090102040affc4005d10000103030203050305080c070f04030000010203040511060708122109133141511422611532718191374252549293b1d116233338556272737475a1c119355782b2b3b41718243643535676839495c2d3d4e13496a2f044a3a5ffc4001b01010002030101000000000000000000000005060304070201ffc400431101000103010505040608040701010100000102031104051221314106516171811391a1b1142232c1d1f0233334354272b2e1152452820725366292c2f1a24353ffda000c03010002110311003f00d9280000000000000000000000000000000000000000000000000000000000000000000000000000000000000000000000000000000000000000000000000000000000000000000000000000000000000000000000000000000000000000000000000000000000000000000000000000000000000000000000000000000000000000000000000000000000000000000000000000000000000000000000000000000000000000000000000000000000000000000000000000000000000000000000000000000000000000000000000000000000000000000000000000000000000000000000000000000000000000000000000000000000000000000000000000000000000000000000000000000000000000000000000000000000000000000000000000000000000000000000000000000000000000000000000000000000000000000000000000000000000000000000000000000000000000000000000000000000000000000000000000000000000000000000000000000000000000000000000000000000000000000000000000000000000000000000000000000000000000000000000000000000000000000000000000000000000000000000000000000000000000000000000000000000000000000000000000000000000000000000000000000000000000000000000000000000000000000000000000000000000000000000000000000000000000000000000000000000000000000000000000000000000000000000000000000000000000000000000000000000000000000000000000000000000000000000000000000000000000000000000000000000000000000000000000000000000000000000000000000000000000000000000000000000000000000000000000000000000000000000000000000000000000000000000000000000000000000000000000000000000000000000000000000000000000000000000000000000000000000000000000000000000000000000000000000000000000000000000000000000000000000000000000000000000000000000000000000000000000000000000000000000000000000000000000000000000000000000000000000000000000000000000000000000000000000000000000000000000000000000000000000000000000000000000000000000000000000000000000000000000000000000000000000000000000000000000000000000000000000000000000000000000000000000000000000000000000000000000000000000000000000000000000000000000000000000000000000000000000000000000000000000000000000000000000000000000000000000000000000000000000000000000000000000000000000000000000000000000000000000000000000000000000000000000000000000000000000000000000000000000000000000000000000000000000000000000000000000000000000000000000000000000000000000000000000000000000000000000000000000000000000000000000000000000000000000000000000000000000000000000000000000000000000000000000000000000000000000000000000000000000000000000000000000000000000000000000000000000000000000000000000000000000000000000000000000000000000000000000000000000000000000000000000000000000000000000000000000000000000000000000000000000000000000000000000000000000000000000000000000000000000000000000000000000000000000000000000000000000000000000000000000000000000000000000000000000000000000000000000000000000000000000000000000000000000000000000000000000000000000000000000000000000000000000000000000000000000000000000000000000000000000000000000000000000000000000000000000000000000000000000000000000000000000000000000000000000000000000000000000000000000000000000000000000000000000000000000000000000000000000000000000000000000000000000000000000000000000000000000000000000000000000000000000000000000000000000000000000000000000000000000000000000000000000000000000000000000000000000000000000000000000000000000000000000000000000000000000000000000000000000000000000000000000000000000000000000000000000000000000000000000000000000000000000000000000000000000000000000000000000000000000000000000000000000000000000000000000000000000000000000000000000000000000000000000000000000000000000000000000000000000000000000000000000000000000000000000000000000000000000000000000000000000000000000000000000000000000000000000000000000000000000000000000000000000000000000000000000000000000000000000000000000000000000000000000000000000000000000000000000000000000000000000000000000000000000000000000000000000000000000000000000000000000000000000000000000000000000000000000000000000000000000000000000000000000000000000000000000000000000000000000000000000000000000000000000000000000000000000000000000000000000000000000000000000000000000000000000000000000000000000001570075591100eab3a201c77e9ea03bf4f501dfa7a80efd3d40eab52df5038f6a6fa81d92a1bea073dfa7a81c7b427a81cf7e9ea07293a2f980ef9bea070b3a7a80f684f501ed0803bf4f501ed09ea03da1007b427a81ca4e8be603be4f503859d13cc077e9ea03da10077e9ea03bf4f50385a86fa81d7da9bea0764a86fa81cfb427a80efd3d407b427a80efd3d40e16a1bea075f6a6fa804aa6af981dbda1bea03da13d407b427a80f684f501ed09ea073ed09ea03bf4f501ed09ea03da13d407b4201d56a5a9e6071ed4df503b36a1abe6077495140ee8a8a0000000000000000000000000000000000000000000747c88d403c351706c79ea04b65bc733b959972fa275011bee1558ee68e77a2f82a46b80227b15e7f83ea3f24084e6dd1b2722d054f36718eed408bec379fe0fa8fc90214cdba42bcafa0a945fe6d5408d05aaf556d47328646a2f9c8a8dfd2047974d5f226f3240c93af83244c81e2929aed04891be82a39bcb958aa8bf5a0111686f3fc1f51f9203d86f3fc1d51f9201286f3fc1f51f9204299f70a5e6ef68ea198f1558d700436dcaa25772b2195cece30d62aae40f4329eed3379994150a9f162a01cba92f11b55cb6fa8c278fb80416adc9cee54a1a9577863ba7011fd86f3fc1f51f9204399974a7fdd286a1bd33fb9aa81c42973a9c7754350fca6517bb5c6008bec579fe0fa8fc9020c93d7537eeb493c7d71ef46be20416de249155ad63dca9e488ab803d31b6e751fb9d0d43ba673ddaa01dfd86f3fc1f51f9204177ca6c72b5682a5153c7f6b5022a51de1c88a96fa8c2ff00100e24a7bb42de675bea113e0c55fd0075a7a5bbd62aa45433fd2e6f2a7daa07b59a66f8f673772c6afe0ba44c81e59edf79a36a3a4a19953d589cdfa00870b2e951fb9d0543ba67f7354022fb15e13afc9f51f920428db7495dcada0a955fe6d5008bec379fe0fa8fc903a434778aa7ab19413a2a74557b7953ed503d8cd317c9188eee63667ef5d2264087369ebed3afff004bdea63398de8a0404a1bd63fc5d51f92073ec379fe0ea8fc901ec379fe0ea8fc901ec379fe0ea8fc901ec379fe0ea8fc901ec379fe0ea8fc90384a2bcaaaa7c9d51d3f8a073ec379fe0ea8fc900b4778635556df5184fe201e774f5e8f48d68ea39d5328deed72a07b21b25eeab97968dd1a2f9c8e46e3e9023ae95be275eee25f877a807965b7de28da8e9686656fab139bf40101977746ee5911cc77a3930a04c29ee6d931d4098453a3d3c408c8b900000000000000000000000000000000000000439644620127b85c92345ea04c6c9a3df728db53707be28ddd5b037a2aa7aaaf97d00561476da5b7b11b4f4f1c289d3dd6f5fb7c540f4800000000000000000000e00e40000000000000754635aaaa8d4455f1544f103b0000000000000000000000000000000000000000000000000835149055b796786399be8f6a2814e5d34253cf9928245a497f017ab17fbd00a6a45a9b455ad355b79244ea8be4e4f545026b4d5492353a81eb45c80000000000000000000000000000000000e1eb84025173adee9abd4099694d31ed0acb8d7379917de8615ff00497fb900ad0001d5ef6c6d5739c8d6a2655557088079be56a1fc769ff3adfd607a5af6bd88f6b91cd54ca391728a8079be56a1fc729ff3adfd607a229993b11f1bdb2317c1cc5ca28106b6e5496e8dd255d5434ac6b55ee74d223111a9e2aaaabe08048ecbb9ba3b52553a9ad1ab2c774a86b79dd0d15ca199e8df0caa35cab8ea9d7e20546d7b5ec47b5c8e6aa651c8b945403cdf2b50fe394ff9d6feb01f2b50fe3b4ff9d6feb01f2b50fe3b4ff9d6feb03d2c7b646a39ae47355328a8b94503b01067aca7a55449a78e255ea88f7a373f681d62b8d2cef4647530c8f5f06b24455502381e5f95a87f1ca7fceb7f5811e19e3a8673c523656787331c8a80732ccc818af91ed8d89e2e7ae1100f3fcad43f8e53fe75bfac0f501c810e69e3a7673cb2362678733dc888040f95a87f1da7fceb7f581ea4547222a2e517aa2a01e792e54913d58faa858f4e8ad74888a9fda07782b29ea955219e39553aaa31e8ec7d8077966640c57c8f6c6c4f173d708805355dba7a2ed7735b756eafb0d25c11cd6ad24f738592a2ae309c8aece57298e9e6054705543548ab0cb1ca89d1558e4763ec0399a78e9d9cf2c8d899e1ccf72220105973a391c8d6d5c0e72ae111246aaaff00681e8924644c57bdcd6313aab9cb84403cdf2b50fe394ff9d6feb03d12cd1c31abe47b636278b9cb84fb40a5ee9bb1a22c75d2515c75969fb7d6478e7a7aaba411c8dca6532d73d153a2e4098d8b5a69ed5102cf66bf5b2ef0a3fbb59286b2399a8ee9eee5aabd7aa74f881307dce8e372b5d57035c8b854591a8a9fda071f2b50fe3b4ff9d6feb01f2b50fe3b4ff9d6feb01f2b50fe3b4ff9d6feb01f2b50fe3b4ff9d6feb01f2b50fe3b4ff9d6feb03bbae34ac635eea985ac7fcd72c8985fa00e9f2b50fe3b4ff9d6feb03b4772a495e8c65542f7af446b644555fed03d204beeda82d761a69aa6e772a4b753c2de7966ab9db1318df572b951113e9029c8b7a76f6a2564516bbd33248f7235ac65e29d55cabe0889cfd540aba0aa86a915619639513a2ab1c8ec7d80450004baf76482f948b14a9caf4eb1ca9e2c5028058ea6cb5aea5aa6f2bd3c1de4e4f5402754d3778d403d000000000000000000000000000000000102a5fcad502514148b79bed3d3aa6624773c9fc94fd7e1f58172d111a88889844f24039035a9c7b76a24fb6b7daad01b3f5549537da573a2baea17c693c749227458a045f75d222fce72a2a22f4c2ae701abcd5bbefb8faf2b2a2ab50ebad437696a115b27b4dca6735cd555556f2f372a37aaf444c0147fcad5df8ed47e75dfac09dc1b9bac2969594d0eacbe434cc6f23618ee33358d6fa2223b089f0024ab77ae55cad6d42aff003aefd60543a7376f5c6907c0fb1eb1bf5a1605558bd8ae53448ccf8e11ae444ce54095def59ea0d4d32cd78bedcaed32a2b564aeac92672a2ae5532e55f1cafda04aa19e4a77f3c523a27f87331ca8a054506e6eb0a5a565343ab2f90d331bc8d863b8ccd635be8888ec227c0092addeb9572b5b50abfcebbf581c7cad5df8ed47e75dfac07cad5df8ed47e75dfac0ac3496fbee3e83aca7aad3daeb50da65a7446c7ecd7299ad6b515151bcbcdcaade89d153005d8dcbed12dfcdd3b150da2e5aeaaad9494d177723ac8c4a192a970a9cf2be3c39570b8c22a37e19ea0585baeb2bfdf6564b72be5cae12b1bcad7d555c92ab53c708ae55c201068752de2d954ca9a3bad75254c7d5934150f63dbf42a2e500a86a77ab70ab6869e8aa35d6a49a929d1c914125daa158ce65cbb09cf84c814baddeb9572b5b50abfcebbf5813cd3dba3acb493e17593565eed0b0c9dec7ec3719a146bff0911ae4ea045d47bb7ae357be77df358dfaeeb3aa2cbedb729a547e3c328e72a2e308053c977ae45ca56d422ff3aefd605c2d07c4deebeda5da2b8e9ddc1d41413c6e6bb91d5f24b0bf1e08f8deaac72755e8a8be20643ee3f6b4ef7ebcd0945a7e8aa6dfa56b12258ebef368855b5356b9e8ad572aa43d3c793ae7aa2b7c00c52d43ba3acb56be675ef565eeeeb349dec9edd719a6473ff0951ce5ea048be56aefc76a3f3aefd605454dbb7ae68e916969f5a6a182995ad6ac31dd676b151bf353951f8c2797a0123abd4375afa992a2a6e75951512bb99f2cb50f73debeaaaab95503d16ad657fb14af96db7cb95be57b795cfa5ab92257278e155aa994026da8b77f5d6af8590df359dfef10b236c4d8ebae734cd4637e6a61ce54e80527248f95eaf7b9cf7af5573972aa04fac1b89aab4acc92d9752dded1223db273d0d7cb0af32782fbae4ea8047d43ba3acb56be675ef565eeeeb349dec9edd719a6473ff0951ce5ea049a0bedca9a664d0dc2aa2963723992327735cd54f054545e8a04dab772f57dca964a6abd557baaa69130f867b8ccf6393e28aec281264bbd722e52b6a117f9d77eb026d5db8baaee746b4959a9ef3574ab8cc13dc257b171e1eeabb1d00904923e57abdee73debd55ce5caa811e86e7596c95b251d5cf49235c8f6be091cc5472782a2a2f881167bedcaa667cd35c2aa596472b9f23e7739ce55f155555eaa043f95abbf1da8fcebbf580f95abbf1da8fcebbf580f95abbf1da8fcebbf580f95abbf1da8fcebbf580f95abbf1da8fcebbf5811e5d49779e9a1a796e95b253c19eea27d43d5b1e572bca99c267e0040f95abbf1da8fcebbf5811a9350dd682a63a8a6b9d653d444ee664b1543daf62faa2a2e5140b81a738a3ddfd256ca9b7da372f5450d1d4a624859759953c5157972e5e55e89d5b85fb40a0af5aa2f3a92aa5a9bbddebae9532f5926ada97ccf7fd2ae5555fac0960153696dcfd61a1eb12ab4f6aabcd8ea11dcdde5bebe5855570a9d795c99e8aa9f58198fc3f76b9eeaeda55c145af123dc5b0651ae754f2c15f137d5b33530ff00a1e8aabf84806e0765b7a74a6feedfdbb5868fb8b2bed558df79be12d3c89f3a295bf7af6af8a7d699454502ba0245abed0973b53e46b73514e8b246a9e3f14fad3fb80a46d155de313a813c62e500e400000000000000000000000000000e15c88078aba4446281df40c6d96e95d32f573188d4fad7ff00802b902c371cbbc153b1dc2e6b9d4f6f97b8bb7b2250d0c892723993cee489af6faab79d5f84fc103e74a595f3caf9657ba491ee5739ef5cab957c5557cd40ea00000000000000000000000000000000000000000000000000000000000000000000000000000000000000001955d9cbc4bdcb87fe216c5453573d9a4352d4c76cbad2395563459151b14e8d4f0731eadebf82ae4fa037fc070a9902d7451fb0dd6aa9fc12395cd4fa33d009fc0f456a011400000000000000000000000003ab9e8d403cd356359e607865bb31bf7c04b2baf0d56af50275b5d509515373545f0467f7817000c2aed79fde6d72feb9a0ff004dc068b009be8fa486bf575929aa2349609aba08e48dde0e6ac8d4545fa514c37a669b754c774a43675ba6eeb6cdbae3313553131e1330dd76c27043b21ae36ba49ae9b79699ab6591624ac46bd2466618d515179bc515caa60d977aaaadc5cb9f5b13d7d166ed868b4fa2da11674d46e53bb9e1df9abf06b438e1e142bf86bdc7a8f65a677ec62ba455a591a8aac85cb95e4cafdeaa22ab7e8737c5aaab64d769a8888d4e9ff5757ff99eb1f8782836ab9ccdbaf9c7c7c5b01e16b844d9cd67b7375aebdedf5a2e557151c52326998e556b9525caf477f153ec2adb22e577eb98b939e31f3974feda6cfd2ecff61f45b7146f4559c75e14fe32d6eebfd93975671317cd15a3e822a1a464b1618c45eea9a3586357397eb72f4f5527f6e556b43a9b914c6223188f4852b60eccd46dabb4d8b53e3333ca23be7ee8eb2d9370f7d971b57a4b4bd35f37068d6fd52e8d25725c677470b5b8f17222a2227c3c7c32be44469ad5fd462aaf3c79531f9ca73695dd9bb3aa9d2e86dc5734f09aebe3c7ae23ecfae27d79ae450f0f5c1c6be9aaac36ab1682aeac81ddccd15b2b18da889fe8ae63f991df4a9bf5574e9abf6773113dd38fcfdeaf5bd16a7596eabf66dcd54c739a6397bb930ef8d4ecbea5db0b4cdabb6ca4aaa8b4c6bcd359ea5eb2b989e386397aaae338ce73e1d171cd294e9adeb28aa6c462e446777a4c7875cf871f045efcdaaa37f8d3dff8ae070e56ee0deb6c0ea7d5add0b25da57c51c2cad7fed8e72e51513afae0aae866ec5baa751f1743ed3dbd9b5ea6d51b2229989cc7d5efcc6195b6be0fb865bdd9e6bad06dce94aab742d574953142aac6a2351caaab9fc154524ecd54ea31ecb8e787053f57a4d4682bf67aaa2689c6713ddf98590dd3d3dc0f582c3a86dd0d3edf51ea1a689f1b69dafc4d1ca9e58cf8923a6a28b7aaa68d4c622278e51b72a9aadccd0d3eeb94b7a6b5d40968eebe4a4b8547b2773f33b9ef1dc9cbf0e5c60d4d46e7b6afd9fd9cce3cb3c1ee8ceec6f73490d77b6c8fb3bb834d2bb9767a1baeb7d394f798ea556b5ccab4761b026391bd153e77babfe73bd088a2ed77f5734513f569e7f9f3e0e91736769366767e9d46a2dc4debbc69cf3889e5f08def3986407199d9fdb66cd9db957e82d136eb05ea9d8e464d448e45e65c2c6ab955e8ae6a317e122fa173d9f66dea7da69ea8fad31f567c638e3d5cbaf555518ae39473697648dd148e63daac7b5551cd7261517d148398c7096cb733c1df085b37af345c957a836fad175a84a7a772493b1cab972c995e8ef3c27d8446cdbb5dd9af7e738feee91db0d9da4d053a69d35b8a77a2738ebc29fc65ac7e2d34959f446f5dd6d362b7c36cb7450c2e653408a8d6aab11557afc4b8ed8b36ec6aa68b5188c47c9cbb4f54d76f354a4dc39e9db6eabde6d376abbd1c75f6ea89244969e5f9af448dea99fad10ab6babaadd8aaaa2713c3e70b9f65f4b6759b56d58d453bd4cc55989f0a6a98f8b6d3ab7838d95a1e1fe8af506dd59e2babd59cd54d63f9d7322a2fdf7a163ece5aa3577288bf1bd989e688ed2dba347adbd6ec46ed3131888f2869348b46005d9e1734b5a7596f2d9ad57ba18ae36f9b9bbca799155aef0f123f5f72ab7677a89c4e6171eca692c6b76945ad4511553bb54e27c21b8fb6f00db21a9b6a299d4db716582f35340d7c7568d7a3bbdc6515579bc15530bf055257675ca23d95cbd1bd1c3282db5629b3adbf66cc6ec455311e0d32efa6d0d66db6f2dcb49d352c88c9ea51d6e895172e8e47618cebe6d7658bf1629b9b4f4f4e8afd74ff000f38f294568e9af57345bb719aaa988c78f26d2f83fe0176c6bf444159ac746dbeff0051140c85d355b5cbdecca88e7bba2a78263a7f197d0ad682bb97e6abb5cf0e90e87da8d268b65dbb3a1b1447b48889aaaeb3d3e3399f288627769bec7e8bda6d6b6ca0d0da5e92c4c9eafbaee2858ef7f34f0b91b8555cfbce55facb8eaecdab7b3ec5e88c4cef667ca5cd6d6fdcd4556e9e3cb11e6ae3836ecc6a1dc4a286fdb8724cfa5446bdf4303d58c6e5328ce64eae763aaf5c267cfa669f6eedcd5d53eca77688ebd67c9d1f53b2f45d9fb14cebe3daea2ae3146714d3e78e33efc4ce63c598b5bc39f07bb755f4da6ef162d0949769d3963a5bad531d552aa745c23dfcd9fa098aad4e9a88b973844f59ebefff00e29d1377695ef6766889aa79453111e9c38cfc656df7f3b2bf6a371f4b54de76c23fd8d5d918b242cb7d43a7a49d53c91ae72a27d08a99f54376c57a6d4629b9c33caa8fbe394c79625a3a8b17f4b5cd15d3315473898c4fe2d70ecbecbad9f88e6e89d6f698aafd9d1c92412a2ac72a733795ed5e994545fee5c2a2a109b62dded044db99c4c4c7ac7f75c7b1fa6d36d1d7cd17e88aa9dcaa713df0dadddbb3c365f5becf5232d9a12d96abed45ba3923aea6e763dd22c7d72bcdd339f1f25c2fc092d9b72d445156a29dea6638f7f1eb1e30aeed8b316b5b7edd9e114d55623ca678352736c5566d8711d41a2354d0ad452fb5b91bdfb15ada9870ec2aa792a2a6153c95150c1b5ec5cd0d35c44f4cc4f7c749487662d59d76d4b166fd39a6671313e52d9f5df83ad97838765be47b77676ddbbcc7b5a31fcf8f6856fe17a74377b376e9d5dca22fc6f677b9fabc76aec5bd16baedbd346ed31bb888f1886bc382ee1469f886d51dedde491b678ea9b4cc82272b1667f455e6727546a22f9755c2f5e9d6bbaad4571769d3dafb53d7b93fb0b6369af68eeed5d7e66d51988a6386f4c466733ddc62387399e7c1b44bbf0ebc25f0df64a38b59e9dd1f42b272c6959a8a9db33a472e513e7a3b19e5763e85ebd15497b7a5aedd99bd399a6384ccf7f97dd0aaea7591acbdecedd14d113ca222231e754f1f59949b70383ae15776f6fee77fb1596cb49153d3acccb8693a9ee5517ef3dc63b9172b844cb7ae4dcd0d546b2f5362988ab338ee98f771f7e5adadd16a743445cbf44d313ca7a4f94f29f463470d762e126c75f5b6dd7159a52ba1a464b032a6fb2277b23dae8d11555308abd1fd51133d5489ae89b5afbd6e9999b7133899f4fef85af5d3b3a76269aab514c6a386f639f2ab9fc33e2cd0d1fc2a70b3b8146cabd39a0748de699f1a4ad96922e76ab17c17c7c14cb45db77266289ccc2b9a8d06ab4945372fdb9a69ab94cc73ebf2511abf40703da06f0eb4ea3b66df59ae4d6f3ba96ad791e89954ce33ead54fa8dabb6abb3311723133c7d11b154551c18e7c33ec66cc6eaee8d6a41a62cb7fd3cb5f1430f768e7458ee58ae6a617f0b3f59a7b5eedba76b7b3d2cfe8f11c23978ba1ecad9fa7bbd97bbabbd6e26ec4d5c679f0ddc7cd939b9fb11c1becc773fb36d2ba4b4e77ce4633dad92fbce545544e8abe4d55fa8dd9b35c5b8bd31f566719f173cde8deddeab755d2f67d7b1547729a17beeeddc986cf9e6c7431d1bbbd19e4fb3cb830cf65b6fb6db713887d694b4568b7ddf49c5153ba863623bb96e61f7d5bd517e7a2fd68697686f516b55fe4e7144f2c7947dee87d88d9da7d7d1a8fa6db8aa698a719e99996ca770b858e1436a2cab76d5da134bd8adc8d572d4d5325e544456a2f82af9b9bf6923459aeba2ab94c6629e7e0e7735444c44f553360e16f836df9b4ba2d2766d375e92e58ca8b1d74b14ad77a261e9d53d150c16f516a9af727133dd3f989f7246ad9babfa3fd2a289f67fea8e31eb8ce3d5ae1e38782993865d674adb1544f71d3f719db0d3a4fd648defcac699f345e57275ea8ac54cae51492d5e9add3a7a75967ec4f0989e93f877232cefdcbbec319aa7978e596dc17f670edfdcf4f33506bca26ea19236b5d232791c902bd53995a8d4544e544c2aaaf55ca78156d2d7735b54d79c53d2239cba4ed8d168fb376a8d3c51172fd5199aaae311e54f2e7cb39e59f05fa668ae0b2b2ff00368f4b26db36f51618fa2753451d42651153df5447670a8b9cf9a1357a3e8356e5efab3e3c7dfcfe2a458d35fda533569e9de9ee8c44fa531899f48621f68c708fb1fb2fa3e2d49a39b5363ba5535ae828292a967a5995eec31111eaaa88a88f77babe0c55ebe0b294d9b57b475ea6b8c62622263f8a7cb972eec22ae45cb37bd8cc71eb13ce3f3e2d6e90acef7e9f92686fd6d929dcf65436a62746e8d551c8e47261531e7903ea42daae75ba955eaaaf5898ae5778e7099c81e902d15eab920d53726aaf84ca04c696ecd5444c81308abdaff303d4c991c9e204445c800000000000000000000872ca8c402535d7248d17a811edda56e177e592777b1d3bbaa2bbabd53e09fac0a8a97445aa04f7e27d4bbd657afe84c01ef874fdb69f1ddd0c08a898cac68abfda07ae0a5869b3dcc31c5cde3c8d44cfd8045030abb5e7f79b5cbfae683fd3701a2c0279a0ff00e3c69dfeb1a7ff005ad305ff00d557e53f24a6cafde1a7fe7a7faa1f40db037dfd8c6c3d75dbbaeffd8deb32c79c73224312aa64f1b06cfd2229b59c6f558f842d9dbdab73696f77511fd5525fba9a2749f199b4779b4ac2c92b215923891d847a7bcbc8b9f2cf2a2a2fdebdbe88b99dd06b28b772ee96ff001a7334d51dd89c663c950dabb26f68a9b37ba574d35533e7113313eff94a1f0c1a5abb47e84d456dae8648648a918d6f78de557222d43738fa515153c951487d168aad06b2e58aa7389a7131ca6273313ee5b7b53b52ced8d269355678662a898eb13114e627f3c638b10b866d2b4174e28f5cd5d446d7cb3de28a91f94ebdda414eb8fafbc727d67bed37d7db5ece7970f8e123d90ff2dd9cd5eaedfdbe319fe5a731f195d3ed64dd2bf68ada78ed567a89a8e2ad48d924b0b95aa9de3dcd55ca7a36356a7a7799f1c165d3fe8367ddd451f6a6629cf74739f7f2725b9f5ef5344f2e6d486cceacb968ddcdd3d5f6c9e48667564503d18b8ef18f7a35cd5f5f1ca7c5114a86aedd372cd515748cadbd9ed65dd1ed3b155b9fb5545331df133898fcf5c4b7edb7572975e70f1748ee9993baa59636bdfd5511b136462ff9aaa98fe4a1b9b03515ef5aafac5511e9c3f1c37fb6ba2b5a5da15d36e311553bd3e7998f8e32d14ee1d969b4f712b72a0a36b63a68f5035cc637c188e95aee54f827363ea3736c5ba6d5fbf453cb8ab5b1a66ad569a67fd54fce1bc2d8afdeeda83fa34ffec8c22bb3bf6adff3c7dcbbff00c40fde1fecff00daa68b3888fbb86b5feb397f493bb53f6dbbe72e6b63f554f92dd916ceab76a3434db8db8166b0c4c73d9533a77dcbe51275775f2ca744f8aa1aba9bdec2d555f5e9e69dd89b3a76a6bed69bf86673578531c67e1c23c5bd5d2b050f0ffc3557de247474335453724526395238d1aa88e4f4c37bc93e8c1bbd9bd0c575d337397da9f28fc7ef4c76e36a7d2759362d7d9b7f5623c679fbb847a2170a9bb349c406dcd7d2d6d43aaa9eeb4892c6b27cf6b391ac545f47351235fa726be8f68573aebb722313154d511e19e5eec32f68363d9b1b3347a9d3f1a2688899ef998ce7cf3bd9f734f7c6b6d0546d06fbdee95d07734b7095f571f2a61a92732a4ad4ff003d15c9f07b49fdad669a2ffb6b7f66e46f47af3f8b9e69ea99a37679c706e0380dfb9fcdfd169bf4ca52764f3b9f9ef762eddfd9d2794fca869ff8ddfdf097afe8f4ff00ead0beeddfdb67ca3e4e35a5fd5fbd20e14beefba4ff009d97fd4bca66d1fd9aaf4f9c3a0763bf7d59f2affa2a6ef75c7ef61b7fd31ffad716beca7eb6df94a0fb5dfbc751e71f287cf410c8700bdbc1b7ddf6c3f43ffb88bda5fa8f585f3b15fbda3f96bf937b14baf19a176eb4a492b5ae654d03dade6e9fb6322e7627d6ad56fd2e425f47666bd0577a9e745313e9d511b46dc6a36fd5a6aa7115dcddf7cb1db889e176877277a34a6bdb6d03ab218e275c23eeda9cafef391ae6bbd70f7b1c9e8b2397c8dbda77235fb228aa89faf44c479d33c63f3dd965eccc5ad99b766359c3762ac774571dfe99c78e191f67d4f41a06bed7a229bbb92a616d3472b93efa599eaaf5fa9a8aeff3da6afd1e345a3b55cff155bb1f7cb5ae5cb9b775da9d4cf2a699abca238531f2f8b0838ecb2d35fb8a8d0d4f5488e89b717cbcabe6e6d142ad5fa970bf51bfb72a9a761d8c759aa3ff00d327632cd17bb4346fff000e6af58a6663e3c598353719742f0d69576a4586a64813f6c8fa39ab24985727c511708be5843176734f6eedcb54571c38cf9f3960ed6ea2e57b46fd533ca6223cb843e7c75beb4baebad6172d4374a8924b855cee955ce72e63ebeeb5be88d4c227a60c3a8bd5ea6ed576e739fce15fb71eca2229e186e23b31f736f7aab435a61b94f25436a29a4648b22e72e8d55ad7fd2a8d5fca4f442b9a49f63abaecd3f67f32eb5b722368f67b4db46f7eb6384cf59e334cfbf113e7e6a038a2d294165e3674bd7d2c6c8e7a86d54722b53e737fe0d2a27d4e9a4fca2cdda3fd26ccd2de9e7398f489e0ae760b86d9bb4c7fa2af8c43386b77160db4dacd2b71aa87bd825a48a155ce395deceae6aafc32d445f445cf918743626ee8ebb94ff051bde78e689da16fdbedcab4f3ff00f4bbbbefab0b37c4fec25877c6cd61dc9b1c08fba5aa44aae78d139d139795fcdf574727f15aefbdebbb6aaa36be8674554e267ec4cf49ff004cf84fcdf34dbfd9adb56efea29fd5d5f5a23ac72cc7a4e7f0563aa68e7b770c33d2d4c4e86a21a856491bd30ad72552a2a1efb2b4cd17add35738defbced8dda2f6baedcb739a6628989ff6d2d59767ff0014160d93d4896dd4933686956b52a61ab93a46b9c2398e77def4ce157a75f875aa6aacd74dfa75344671ce168d85b4b4b7b665ed8faaaf726accd354f2e311c267a6262278f09e319e4daaee26d76cd71b5a3218ae1534d7ea57b5af86a6db588ca885533caa9855ea9ccef25f154f0552c1a7d7c556a6cc4c554cf1c4f49efe9312a3eb7656a7475ef5ea263baa8e34cf94f2960eefa764fea6db7d3971ba6d4ee05caaadb1277f2d9abe4742fc3551d9e78d51aec2b5172adf1445e98c9b362c5abf7222cd5b95cf2cf5f0cc631e1c3d51d5ddb94d1bb571a63a777a7cdacfbc5a2b6c175abb6dc69df495f492ba19e09130e63dab8545342e5155aaa68ae3130f513154661bcbece8fb9cd07f54d3ff00715fd9bfaebbebf375aed7feedd17f2d3fd10d627689fef8faefe86dff005f317cdb5faeb7fc94b8d69beccf9cb24bb27bf7383fadd7fd0428577f7853e9f7bb2ecdff00a4afff00355f2a59b7c567045a778b0f63f96f515cec9ecd2b256fb0471bb2ad63da88bce8bf86bf616fab53555a6a74d8e1139cb90c5b88afda315f5e7638e83d25a42e978835eea39e5a48bbc6c72434e8d72e513ae1bf13ce8f4d4ea751459aa711325dafd9d135474630702f6b658f78f595ba37ba48e8dcb4ed7bbc5c8c74ad455fb0ab6daa22ddca688e9330eb9d809cc6aa7c28f9cb65fda1db4bab778365a6b368eb2cd7cb9ba191a94f0bd8d555592154eaf7227835df6175d25eb76f49a8b754e26a88c78e25c7eed3355ca263a658e1d9fdc156ebed3dca6b86b0b4ae9e64f5514c90c955148e8dac545e6c31cef7971e09e899f853afd8b97f514554c6229ebeae9fb2369e9365ec8d45abd737abb9ca88cce384c719e5c73c78f28efe076beee1dbedb4f60b6d3cd149768aa699ec8f395458dcf95cabf04e68d17f965d6e4451b2372bff00fa55c3ca23132e6766ed56b594dea39d189f5ce6173781be33b6eb56695669cb8dea92d3709d1abec75f2231c8fe44639ab9f9c8a8d6f54e9e39c148d155568736aef08cf09e9fd9d536fc5aed2451aed9f566b88c55467eb475e11d71333cbc3c93edf1ecc5da4df8b94fa9ad371b8698be54a23bdbad53b66824544446aab1d9ce1111328e45e89d4b45cd4d3ab9dfbd1999eb1c267cf9c7c1cc66c5cd2d5b989a663a4f4fbdadbe317835dcbe1ce46d4df6fd3eafd32aadeeae3dec8bc889eeb3998e55e5c651b945e99c74ca67ed7a598b1ed6c559a239c72989e998f94c31cdd9aee4fb4fb53d79e7d58ac46b2273a2afadd2facac3797c4d9d96eaf82b1627e70f48e46bf9571d70b8c7403ea0ed17386f569a2b8533d24a7ab819511bdab94735cd4722a7d4a07b00f15559a82b64e79e8e095ff84e8d157ed025d51a26d13370da75817f0a27aa28125b8686aaa4457d05477e89ff00252f477d4be1fa0093c75b3524cb0d4c6e8654f16bd30a04de9ead2444ea07ad17200000000000000000eb23b9500935cabd2345ea04db4b69674af65c2e0cebf3a281de5fc65fd405660000000061576bcfef36b97f5cd07fa6e0345804f341ff00c78d3bfd634ffeb5a60bff00aaafca7e494d95fbc34ffcf4ff005437e1b5bfbd8750ff003527fa888cdd98fd6dafe6fc169ff883fbc27f93ff006a980bc26f17159b6fbffaa34add6ab34cebe56b68dd2bf0d7b3bf7f340abf565be98f8222ea6d6a2ad2ebeeeaad72de9cc7af3fcf9b6fb3dabb5b6f67c6c3d6cfd688fd1d5e51f67d3a77c669ee6daa1bd516a3d1f3dcedef6c94d514b239aa89d53dd5ca2fc51739f8e493d35ca6ed54574cf09985075da5bba1bb5e9af462aa7f39f569cf45efa53ed1f191aba92e350da5a2afaaa57c550f5c3629db044adcfa22e1bd7f8a89e678ed4d9aa768577edf3a663e51f25c3b13b46c5bb573666aa7145e8e133cb7b8c63fdd138f3886cab7af6774af1a3b38b44b58d8249e1c32762a39607f47222e3d1c8d722ff62a2aa2ed6cfda16eab355154668af9c7589ef8f18f8aa7b5b655fd9baa9b37631553ca7a4c7e7dcc29d97ec7fd59a4371a0bbeaad4d64adb5d04dde52b2896557c8a9f35ef6ab139553c51a8abd71d48ad658aeec4dab357d59eb3cf1e5fdd2fb0b57a2d9f7a35baa89aaba38d34c44633d266667a748c73e3e0cc2e24b76748f0a9b0d596fa8ae632a25a7742c851c9df4caf45e6c37d5dd5ad4f2f1f06aaa4f6c8d2dbd2c46a2e70b76f8f9d5d223c73ee8426d8da5776a6a2abb5fdaaba7747e7df2d13d2ea2a9d5fbb14d7bacc7b55c6f2caa9113c115f323b09f04ce13e82235b76abfed2ed5ceaccb36caa629d669e98e9553f386fa762bf7bb6a0fe8d3ffb230d6ecefdab7fcf1f72e7ff00103f787fb3ff006a9a2ce223eee1ad7face5fd24eed4fdb6ef9cb9ad8fd553e4b7645b3b3d3b3276324d57a8dfa82a2154f6a97d9a07aa7cd85ab991e9f62fd6c4f520f579d4ea28d3c728e33f9f2f9bab76728a763ec9bfb62e47d6abead3e51f8d588f46c8b88de277653642969b4f6e5f75534d327b3b2dcfb5ad746adeed328ace554c7239a8bfca44f32d9ecaee9ec53762714d598e7ce239f0ee727aeec5ebb54d7c6ae73e72a4b62b8c9e1bf565c64b46de53535a27a6673a414b60f61446bb3956f2b113d738f5f890f76ed8d3d515d71899eb859767e8b696d7b5569f4d5ccd34627766ac4719e91338e7f19598ed6ad8a6eaad0706b7b6c09254d027b439ec4ce5ad6a24899f458d1aeffb12d56ffce6cfaadff15afad1fcb3cfddcd51ae26cdf899ebc27cd7df80dfb9fcdfd169bf4ca50764f3b9f9ef764eddfd9d2794fca86287113d94fba9bbbba570d4b68d49a3e9686a22898d8eb6aaa9b222b5a88b946d3b93fb4b96d2d4d3acd44ddb7188c473f071fb36e6dd1bb2b1b6ee0bb59f0a7bf5a21daaaed62b9254d52c4cf91e69a4c2ba9e67267bc899d311afda8426d3d2574ecd9d4ccc6ecd511e3cd77ec6dc89dbd6adf5c573ff00e2a6d7dba2ab75fec15aacf41341054c88d7a3ea5ce4661b23957c1157fb091d81aaa347b97ae44cc627922fb556e6eed3d4531df1f286b1ff00c0b7bcdff4b3427fdf6b7ff6a6aeeca0d861badb6173da0d61369cbbd4525556c5132574944e73a354726530ae6b57fb0dbd6692bd15df657262679f0f162b7722ed3bd0af7836fbbed87e87ff00715eda5fa8f58741ec57ef68fe5afe4dba71457f7695e18ec57a6b55eeb75be6ab46a2e15792057613ec2d7b1a8f69b3b51477da9f92076b6a6347da08d4cc6628bb138efc4e559f0d3bed62be6d2bab6aae94c9050d37b631cb2b515d0b915d84455eb8767f29a56b644d77e234ff00c513858bb67a4b56b534ebec4e68b919e1df8e7eb18f5cac66c6eeca6edf10f7aad648d959437c8e8dd231dccd749863de89f06abf93fcc2476fdf89da567496e7ea5a8888f3cf19f87c19fb376298ecceb75331f5eb9aa267c2288988f8cfbd66bb51757cda0b7bf4adfe14573a8ae5cee6b7c5cc5a4851e89f156aa935b52d45fd8f62df7ef7cd42d8baf9d97b569d5c467766331df131898f74cb327860dd7d2bbfdb3ccb1fb6c55314f0b918d63d11cad55e6544f47b1d95c2f8613d17156d91acaf4d5c53caba27f3f9ee5d7b5bb3a8bf546d4d2cefd9bb11998e93cb8f77dd398961ceec76386a4be6e654dc7496a9b3d3699ae9dd3cd0d6248c9e0e65cb9236a355aa8b95c22aa63e24ceb6ab77266ee9e3133d27944f84f77a289a3a2dfb48a35554c51d662333eecc71f566fec96cae9be12f6e165afaf85b1d0d2a44e9b386b5a889946e70ae73b953af4f0fa55637676ceb955d9fe2aeaf747f65ab6f6dfb7adb36f49a6a372c5b88c44f39c708cfe78cce5adebb710106ff0071bd4b5f6f9526b450b668e091ab96c8f748c57b9abe6d446b188be68ccf99b1da5bf6ebb56ec599cd16f119ef9eb2daec0d331b52baeae73455f7339f8c59a4a6e0d9b344f7452c76691ec7b170ad54a09551517c9497d85113a6bd13ff00f94fca156dbf55546d4b95533898bb38ff00ca561fb38f8ca66a1b72698d4752df6a891b1d4b5ebf393186ced4f4c747227f73734aa2a9d9f7b767ec55cbc3f3f2f2747bb1476b7677b6a7f6ab51c63fd51dfebf0abc259bfc462b5db4375731515ae7c2e456f82e646f52fdb0ff006da7ca7e52e3faccc5a9896aeb807e0f36e37c2c092eb14a6b9d4562bde8b0d7ba3969b95cd56b1a8d7222b97951151c8bd1d22745c2a532d6a6afa76e551f563a4f5fbf8fc9d1af6c6d2dbecf51ad8cd576a9ce699cc5313d2ae71c22333d62662172ef5d92bb83b79af29ef3b49b914f456d4a96c8b05c259a9e6899cd954cc6d73644c7823b1f15f325755674f7a999b7189ee9e9e5573f82a9b335d7f437e8aa2e4d34e6338eb1d734f29f296c03465bef1b71b655bfb36bc47737d3c2e73a457abd11bc98e5e67222aaaaf827c70863d99a6d46f516aa9cd533c123da2d7e8359a99bfa1b5b94e38f088ccf947e65f3fdc4dea0b76a7df3d555f6a919351acd1c292c6b96bdf1c4c8dee45f34e66bbaf9f892fb5eed17b5d72bb7cbf08885574f4cd36a9896e1fb3a3ee7341fd534ff00dc52f66febaefafcdd87b5ff00bb745fcb4ff443589da27fbe3ebbfa1b7fd7cc5f36d7ebadff00252e35a6fb33e72c92ec9efdce0feb75ff00410a15dfde14fa7deecbb37fe92bff00cd57ca964e71efc296e87115f26fec02f3436bee278e493daee335365ad8e46aa7ed6c767ab9a5d2bbf6ead1536223eb4559f4c38fc5157b59afa6186f2f6547133346e649abec3231dd15aebfd5aa2fff00d245c6f44e6259f0a5b83fdbdbb6d7ef86a8d3f7c92096e5052c1248fa6916462f3b24727bca88aab85f422b6fe9ae692ed16aef3fc621d57fe1f571729d5554f753f396d0b8cae22af5c35ed8c9a9ac96ca0ba553237bfb9b873f22f2be26fde3917c245fb10b469f4b4ded3debd33c6888c7ab92577372e534f493867e25e0e25346fb537b9b5d5d6527790ba8d572c554c3b1ccabef3555171f05f42bda3d64d77a6ddea6334cf2e92bcedad856749a3b5afd0d7355ab91ce7198cf978e627c61aa9e33f62b53db38a6a6a4d5b7a9aa2d77aaa464571af9b0c85a9ef3e36b97a27322f337d79d3395472962dbb5554d31acb7c68aa3eac7763f87d3e4abec2d251add6dbd1deaa2989ab8ccce387e33ca3c70cb6a5ecb0db0dd8da9a6acb0562e99d48e4c25651cefa98555b9445918e7ae15d9cae31d11b8445caac36cdbb45dd3ff00988cccf58e71e9ca7e1e699ed2e86d68368d76b4b4cd14f74f2e3dd3cf11cbaf1ca7bc2af03dbe5c3fea5ae6d76e2d056e9fcb52963a6aba8761133972c6f661be5eea2aa2e0d4d4e92af694d5a6ab1df3cbe1c929b1f6de9ece96ed8dab1376271bb4cc44e3bf133398f4f3559da99ad6c561d85acb6dc6785d70a98258a1895539d5f22235984fe57bdf446abe45c345fa2d1ea2e57f6663763c67fb39e5efad7688a7cfd1a3b2b8db1115ca8889955e888807d40ed7d3cb49b69a4a09e374534568a463e37a61cd7242c45454f254502a70000001e1bb5a29ef34ae8676f5fbd7a7ce6afaa016f6a29ea6c15cb4d529d3c5922783d3d5009b5254a48d4ea07b1172800000000000000078eb66e46281e7d296d4bc5e1f3ca9cd05361d85f073bc93fbc0b840700607715bdabfa33642f971d29a26d7fb39d5344f586a6a166eeedd4d227ce6ac899748e4f0546a22651539b28060e6a9ed75e20b502d43686e363d3f14aa8ac4b7dadae744898e88e955f9cf9e7d7c80a5bfc283c497f941ff00fcba4ffd202a4b0f6b7f10d668a9e3a8bc596f0913f99ceaeb4c7cd2a673cae58d5bd3cba6140977113da51adf899d9dacd05aab4d5929593d6c158db85b1658dcceed728d5639ce45ce57ae500c4203d16eaf9ad770a6ada67232a29a56cd1b951170e6aa2a2e17c7aa1e6aa62ba6699e52cd66ed762e5376dcfd6a66263ce38c3226d1da1bbe363d2753a6e8f53d24768a9456c90adaa99caa8ad46afbcacca746a799eb49fe4662ab1c3139efe2dbda5b4351b5ae7b5d5d59ab18e511c38cf4f363f5c75057dd350d55f269d52e75154ead7cf12722f7ae7abd5c98f0f7973d3c0f776a9bd555557c66ace7d5a16aaaaccd355b9c4d3ca7bb1c9909a47b44f7df43d925b4dab56c11d048de574735b29a5f2c74573170b8e9f521afa7b74e9bf55c127b4769ea76ad7173573135470ce223e4b09ac7575d35e6a4adbf5e676d4dceb1cd74d2b636b11ca8d46a7bad4444e8d4372fdfaf53726edc9cd5287a298a29dda792e6ed17185bb7b208c8f4aeaea9a7a66272a52d535b511e3d30f45e9f0ce0d0f614455bf4f09f0fce13b1b63575598d3de98b944728aa338f29fb51e92bc172ed64e21ae16f75332f967a27b9bcab534d698925fa515d9445fa10dca2bdce38cf9a1abfad398e1e4c61dc2dd1d59baf7c7ddf57dfeb6ff7072aaf7b592f372e7c795be0dfa910f776fdcbd8df9ce3977479472878a698a7929ea0ad96db5d4f574eee49e9e46cb1b95338735728b8fa50d6aa98aa2699eacf6aed566e53768e74cc4c79c71646e9eed13df3d2fa66a6c16ed4f490daea18e64913ad34ce55473118bef2c794f75110f9a6a63473136786273eadeda5b4753b5ae7b5d5d59ab18e511c38cf4f363f6a6d475fabaff5f7aba4a93dc2ba559a791ac46239ebe2b84e89f51b37aed77ee4ddaf9cf345534c53114c258617a5f6da6e367763642dd050e8fbd515b69e087b8635f6ba79551bd33d5ec55caf2a657c4d7a2c5bb75cdca638ca6753b5f59aad2dbd1dcabf47463111111cbcb9faf5e2a177877cb596fc6a26def5a5d52e9706f3f2bdb03216b79972ec358889d7a7d4889e448ded4dcbf4d14d73c298c420e9a2299998ea92e82dc1beed9ea08ef5a7ab3d8ae0c6ab12458daf456aaa2e15ae4545ea89f61a176cd17e9ddae33096d9fb4b53b2eecded2d58aa62627844f09f35f3d47da29be7ab749269abb6a5a1adb3a46d8fb892cf4b9e56a72a2737779f0ca7c5154ded35fb9a49cda9e98efe08fd4d53aaaeab9779d5399e9c7d1e7dbced04deddadb73a874e6a5a4a3a67318c563ed74d2f46f363ab98bf84a47d9b16ec67d9c63296da1b5f59b52288d5559dce5c223bbbbca1567f855b890ffa6343ff008251ff00e99b399432ddee0f1b1bb7ba1a86d77bd457fa6acb8db2549a96465ba08918e463d88aa8d6222fbb23d3afafc0f77ae557f4df44b9c68ce71e3e6dbd0eaaeeced546b34d38ae22633cf9c62784f0e52adecbda7dc42e9fb5d3dba875751454b03796362d9a91ca89955f158f3e661b74c5ba628a7943e6ab5377597aabf7a73555cdedff000ab7121ff4c687ff0004a3ff00d33de65aac69d7db817bdcdd472df75054b2aee5231b1ba5644d8d15ad4c27bad44436753a9b9abb9ed2ece65e28a29b71bb4a1687d7178dbad474f7db1543696e54f9eee57c6d91133fc5722a11f76d517a9dcaf925341afd46cdbdedf4d38ab131ca2784f3e6bc3aeb8ebde3dc8d109a46fda8a96aac494efa5ee196ca78ddddbd8ac72733588bf3557ae4ded3dfb9a5b755bb5388aa313e4d2d55cab597a6fdee354ce7d5600d7635ced9de2475eec3aaae8dbac36e55a84aafdb69229ff6c446a22fbed5fc14e86bd562dd7722ecc7184c58dafabd3692bd0daab16ebcccc623ac444f1e7ca20dede2475ef10d708ab75c5d61b9d444fef1ae8a922a7c2f2359e11b53ef58dfb092af5376e5aa2c553f569ce3d5071453154d71ce54f6deeec6aeda9b9a57e94bf55d9aa11c8e5ee1f963953c1558b96aafc7047dcb36eee26a8e31ef4be8f69eaf4198d3d7889e71c2699f389cc7c19316aed62e216d742da675f2d15cad6f2a4d576a8dd27d2aa98cafd266a33470ce7cda97ef45fab7b72299f0e1f0ce3dcb3bbcdc5eeed6fe3161d65ac2aeb6817ffe05335b4d4f8f45646888a9f4e4da9d4dcdc9b74ce299e91c33e7d67d5a7b919ccf195bcd0baeef3b71a861bdd86a5b4b718515ac91f1364444ca2f839153c908fbb668bd4eed71c12da0da3a8d997bdbe96ac55898e513c279f35e5d73c7bef46e3686fd885f751d2d5587b85a6f6765b29a37776b1ba354e76b11df35ca99c9bba7bf5e9699a2d4e2263767c9a1a9aead5dd9bd7b8d53399f3593d1fac6efa0eff4d7ab1d63e86e34f9e495a88be3e28a8bd153e0be8869ddb545ea772b8cc37343afd46cebf1a8d355bb547ca7a4c7295feb8768cefc5d349a69baad574d35a511ad489d6ba6e6446ae5a9cdc99c263d7e06e692f57a2aa2ab33898f5f9b5b5976ad75caaedee75719c4638fa2c2692d75a8741dcd2e1a7af35967ac45cf7b4932b39be944e8a9f05352e5ba2efdb8cb634baed4e86a9ab4d7269cf3c729f38e53eac92d35da85c44699a1652b35941718d89ca8eb8db6099ff95ca8a7aa29dce1133f379d46aaad4cef574d313df1111f08c47c1446eef1c7bd5bdd40fb7ea7d6b52fb63f28ea2a0863a489d9e8b948da8abd3a755f03729d4dca299a689dd89e78e7efe7e99684d113399e2b106abdb20f6cb8f2de6da0b6476fd2fa8e968696385b4ed6496ca795518df04cbd8aa6bdab16ecd535511c6533addafacda16add9d4559a68c447088e518e9e0b4fb99ba1a8b77b5449a87545632baeb233bb74b1c2c8915bcce77cd622278b9491bfa8b9a9aa2abb3998888f4841d1445118a554ecef137b83b0c8d4d197686dc8d9bda13bda38a7f7f18cfbed5f423a74f6eab917663eb4272d6d7d659d1d5a0a2afd1d59998c475c678f3e8bcbfe156e243fe98d0ff00e0947ffa66ce650c7f855b890ffa6343ff008251ff00e98cc8b2f6fe25b5fdb35b5c356d3dda165f2be38e29e75a3895ae6b1aad6a72f2e13a2f920d74ff0088dcf6ba9e33eef925b65ed4d56c78ae9d1d5bbbd8cf089e5e6ab37838e8de1df6d34eb06b2d434d71b639ae62c515b69e05c2ab557de63117c58dfb0d9b7a9bb6add76a99e15633e886aa88aa62a9e70a636778a1dc7d864637465f52dad64ab335b253453a35ca985c73b57a2f5e9e1d57d48d9b16e6ec5ec7d64e5bdafacb7a29d9f157e8a73c262279f74f38e59f3e29a6f6f187b9dc435b23a0d7575a1bb411ab558e8ed94f03daad55545473188bd32e4fa1ca9e648c6a6e4599b19fab339f5f0ee41ee44d5bfd52ddade2b375f665589a4b5adc6dd0313094f239278b1e9cb222a227c108ff006146f6f53189f0e09ba76b6afd9458b956fd11ca2a88ab1e59ccc7a4c2f25476acf1193d0ad3a6aab744e56f2f7f1d9e9924fb79319fa8daa2a9a7c7cd135cc573988c797f7cb1c3723767586ef5edd77d63a86b6ff5eaaaa9255c9946e7c795a986b7c13c113c10c976fdcbd88ae784728e91e511c18a9a29a79292303dbdb63b84569bd5beba7a5657434d511ccfa591cad6ccd6b91558aa9d511513194f5033c35a76cceef5dd628f4ce9fd37a56963444e5585f5922a267a733dc898f0fbdf2f102d85576a3f12153532ca9af23811ee5724515aa951accf9266355c7d604eb4df6b4711161e54a9bf5a6f8d4911ea971b545954e9ee663e4e8bf6f5f10327764fb6aedf71b8d3d06e968df92207e1aebcd82474cc62f4f79f03fdee5f15f75ce5f8281b16db3ddad1dbc9a6e3bf68ad4541a8ed6fc22cd452a396377e0bdbf398efe2b91140ab40f0de2d10de689f04c9d7c58ff363bd500b7b46e968aaa5a59ba4b1395ae4027d0bf99a8044000000000000e1de0049aef2f2c6e02aad1543ec76189ca9efceab2bb298f1f0fec44027c060b76ae714973d8dda4b6e92d2f5eb41a9f573a48df550bd5b352d13113bd7b153c1cf573588be8ae54ea806905ce57395ce55555eaaabe607000000000000000000000000000000000000000000000000000000000000000000000000000000000000000000000000000000000005dfe18789dd5dc2cee2d3ea6d3350b2d2c8ad8ee56995cbdc57c19eac7279393aab5de2d5f865143e8836bb71ad1bb9b79a7f59586474b68bd51c7594eaf4c39a8e4ead727939ab9454f54502a90283d6f47ec77882ada986d43795cbfc64ff00e30073432733100f6800000000000757ae100a7ef6bfb5b80b8361ff0012d17f34dfd007bc0d2a76cedceaaa7895b0d1cb3bdf4b4b6089618957dd8d5d248aec7d384fb00c0202eb70efb2316fa6aca9b3cb777d9db0c3def7cca749957c7a6399be8686af55f468a6719cad9b0361c6dbaaed33737372227967399c77c36054fd88b6c9e08e4ff75eab4e76a3b1fb1f6f4ca7f492462331955aba629aa69ee4a353f622d7d3d049269fdd682bab1a99653dc2cab031cbe9ced99f8fc9335145b99c57331e99fbe18a73d181bbefc37ebae1d351bad3ac6d4b4d972b61ac8179e9e6f3f75d8f1c75c2e33e2994ea64bfa5aec5315f3a6794c72fed3e12f34d7154e3aa0ecb70f9acb7e6f6db7e98b72cace748df572e5226397cba22ab97e088be5e19226f6a28b5314f3aa7a47358b66ec5d4ed2a6abb4e29b74f3aeae14c7e33e5eb867a68eec4cb8575b629b52ee6b2d954f6e5d4d4369eff00917d15cb3353ec33dbf695466b8c7c5a3aab7a5b53bba7b935f8e3763d38ccfbf0a5f773b1a359e91b3d45c745eb2a3d5eb0b55eb435344ea39dc89f8387c88e5f874242dd8b777eac5789f1e5effc631e28baaa9a78e330d7f6a8d2d76d177caab3dee826b6dca95dcb2d3cc9854f454f2545f1454e8be460bb66e58ae6ddc8c4c3d53545719a52b30bd336b85eecdb8f890b051dcddb84ed3ded142959dd259bda797f73f773dfb33f3fc71e5e068d8d4fb6bd559c63772b6ed1d83f40d9b63687b5def69bbc318c662679e673cbba144f195c0adcf84a751ce9a897555b2a1ed62d5fc9fecbc9ccdf75797bc93a7335ed5ebd151bf844fd7a4c6969d5515678e2631ca7a7bd4c8b9fa49b730b63c3cec157eff6a99ed54d5aeb65340c47495694fdfe1ce5f75a8de66e5570ef3f24f520355aa8d3eec446667a2dfb0b6155b666ed5557b945b8ccce33c6794738e999f0c33475df638fec1b44cb7d9b75dd513c49123e9134f23511ce735aa9cfed4be0abe38eb827f67e8e75b7a9b3356ee7d7a67c154d4d74d8de9a277a227874cc679f5c35eba37445eb702ff059ac14125c2be55e8c8d3a353cdce5f044f8a91376ed1669deae71092d068353b4af458d2d3bd57c223be67a433d768fb1bf56eb4b3d3dcb556b4a5d30c99a8e6c14f42ea991517cfabd9d3e9c1e2d5772efd6ddc478f3f77f76f6b743a5d04cdaaafefdc8e714c7d589eede99e3e94aadd61d89370a4b6493698dd086e35cd6aab696e568581af5f4e76ccec7d6848d145bab85754c7a67f3f157ea998e50c02de9d85d69b03aa24b1eb1b53e86a11ca91cecf7a19b1e2ac763e28b85c2e1517185453d5fd2dcd3e26ae34cf298e53f9eee6f34d715f08e6c99e17fb3663e23f4ed0dd1db86ed3fed343ed9dd2597da797ab13973ed0ccfcff1c797810d6353edaf556b18c6570da3b07e81b3ac6bfda6f7b4dde18c633133cf339e5dcb4fc5a7071a8b854bfc34d595cb7db4cabc8db93299604e6eaadcb799dd1cd4ca2e7c51c9d153ad8351a3f65668d45bab7a9abc3189ee9e7fdd4da2e66a9a2a8c4c2afe12f811671416eb7d53b5b3b4dfb5c9347c896af6ae5eed1eb9cf7ccce793fb4afc6ab3a9fa3e3d7d32b9cec1c6c68dafed7fdb8ffbb779e7d79289e2bf8567f0cfae2834dd36a17eaa9aae59a1648da0f6672b98ac44446a48fcab95fe19f2f3c93fabd24696cdabd35677e267cb0a7599aafdc9b545399cc4478ccaf5f0e9d957abb796d8cba5ff005141a5a815115cd8e9fda244ca6797e73539b0a9d1329f1f0cc0d9d455a899f654fd58eb3f742e1aed896f64dba7e9f77f4b571dca63331e756711e913e0bf572ec45b2ba89c96fdd6af65622745a9b3b1d1aafd092a2a7f69254d34ff0012a7573faac6bd65d995abb6eb7129ec1a83535b96d3531f3c174b7b1647b979b0d4742e7355b9c3bcd7e69f35d6ead2e9a3576feb519ddee989f2e39f4ca7b60ecca76ceaead2575ee4c533572dece2623be31cf9cf9756405a7b1328ae76ba3ac5ddfa88fda2164bc9fb1d6af2f3351719f69f89e28fad4c55de89d45a8b17abb59ceeccc7ba70f57f80fa87fcb1547ff6e37ff747add60e0b3bc43765ed3ec6525b678b71e5bcfb63dace57d9521e4ccac667f77767e7e7ea362bb1b9a1bdaccfeaf1c3bf338e7fd9bfb334bfe23b46ce837b77da4e33cf1c33cb867deaf742763345ad74c52ddd7775f47dfabd3b9fd8da3f9795cadf1f6a4f4f423b4f73dbdb8b98c65b1b5b67ff0085eb2ad2ef6f631c718e7113cb329d55761eab6072d3ef223e6c7bad974d72b557e2a956b8fb0da8a633c650d3e0c42e283812dc2e1757db2efecd7bb0b97ddbadbb9b951328997b1532deaa89e78ca67194cedd7a49f6537ed4ef531cfbe3ce3ef8cc31c5cfadbb57095a2dafda3d4fbc17f6da74cdbdd573653bc95deec5122f82b9dfdc9955f4222f5fa2c47d6e73ca3aca7b66ec9d56d5ae69d3c708e754f0a63ce7ee8ccf833ef6f3b15efb7bb54357aaf70a1b0cf2351cb49476c5a87b7e9574adfd19f81eedcdcaf8d54e23e2f1acb1a3d34cd16aecdcaa3ac4629f4999999f743aee3f62aea3b35a66abd1bb8549a86aa36ab9286e36e5a473fe08f6c8f4fec242ddab75f0aaadd9f18e1f0e31ee94355354728cb00b59ed66a3db9d6c9a5b545ba6b3dcd266c4ad95b94545772f3357c1c99cfd68a8b8545316a6cdcd2ccc5c8e99f098ef89ee66d3453a8b94d113ce623c99bfb6bd92f16e1686add44bba4fa05a68964f66f90124e6fdad1f8e6f694c78e3c0d1d9f77e9d8e18ccc477f3f72c7da1d8dfe057e2cfb4dfcc4ce718eb31df2c1cdcdd0e9b77b8178d3295bede96f9d21f6a58bbbef32d45cf2e571e3eaa4a6b34ff0044bf5d9ce777aaad6aaf6b4c55dece0da1ec9b8b7534c55ddd7745f6cee1ad77729604979b28abe3ed2df4f421f43a8fa674c72f15bbb45b0bfc06ed16fda6fef67a6397acb117526c1de28b7a6b76e6c32adf6ba9dd122552c5dcb55af89922b9c99772a273e3c573d3cd704a6d3b746ccbd5dbaeacc538f5cc67920764e8b51b62ed3674d4fd69e3e1111ce667bbff0091c59b7b4bd8d170d5761a6ba6abd7df23254311eca7a1b7f7aec2f9e5cf4e8be4b8fa88fb35dcbb1bf34e23e291da3a3d26cfae6c53766e571cf118a627bb33999f742a1d61d890b1d0492696dd059ab1a996d3dd6d48c63d7d39d922e3f25490a29b73c2a998f8fe0afcef746bcb7b364b516c1eb59b4cea55a3757468e7364a2a84958f6a395aabea9d5aa9d513c1719326a74b5e96698af8c55198f18f9c7abcd1722bce3a3d9b01b3acdefd72ed3cfbabaced6d33aa3da1b4fdf2f473531cbccdfc2f1cf910daad4fd1a98ab19cce16ad83b1a36ddfaeccdcdcdda77b38cf588c738ef6c0ed9d8954571b6d2557fbafd447dfc4c9793f63ad5e5e6445c67dabe26f531bd4c4a02fdb8b376bb5cf76663dd2f4ff0080fa87fcb1547ff6e37ff747add61e0b33c41766153ec7bada91ee34b78f6c7313dfb2a43c9cd2233fe7dd9f1c9b372c7b3d9f775d9fb131c3bf331d7fb37f65e93fc4b6959d06f6efb4cf1e78c44cf2e19e5dea89fd91f1336aa4d65feea8f55622afb17ec7d3afeddddfcff69fafc0c5b2ad7f89574519dddecf8f2cf9773d6dad1ff83ea6e69f7b7b771c718ce6227c7bd8116cd33f28eb7a4d3ded3dda4f716507b47267979a54673f2e7e39c67eb35b513ec22b9e7bb9f8316834ff004ed559d3671ed2aa69cf3c6f4c467c71967a698ec938b516d9dc356ffba9be9d6922924f63fd8fa3b9b9188fc73fb4a6339c781f766ffcc6aa29fb3bd38eff00c121b7f667f826a274fbfbf88ce718eff19ee63c6ccf090dddbdcad55a4d7552da92c77275bfdad2dfdf77d891cce7e4ef5bcbf3738caf8f8987685dfa0ea7e8f8dee3319e5ca71e2ddd87b0ff00c67497b55ed373d9e386339cc4cf3cc6392e37181d9d4ce15345fcbedd7eed4eb862fb3ad9fd93e74ad8fe777eff00c2cf8791336f47bfa5b9a9defb33118c73ca9f55cc5c8a31cd3ae1b3b31e3e20f4cd15d9db8eeb0ad4d0c75bdca593da3979b1eee7da199c67c71f515fd3ea7dbdcaade31bbf8e172dabb07fc33476357ed77bda444e318c669dee799cf77458ce2af84ad45c2cea88edd72a9f95edb2af24772653ac2d57f55e556f33b196fbc8b9ebd7cdaa58353a3f636e8bd6eadea2aeb8c627ac4f35368b9bd54d3318985cae143b3f99c4e592db7076ba769bf6c4997bb4b4fb572776ae4f1efd99ce0afd1aaded44d8c72ebe995cef6c1f65b1eded5f6b9defe1c7fdd34f3cf86792d4f155c3837867d78dd36dd40ba8d1cb327b4ad1fb37ee722b3e6f78ff001c67c4b06af47f45a2d55bd9dfa73cb92996ee6fcd518e52acb875ecfcdc8e217baa9a7645a7ad4f4477b5d7b155dc8be0ee44c613e95455f245203e9315d7ececc6f4c73ee8f55ba36157634f1aada1722d535728c66b9f2a787c663dccb7a5ec41a75a245a9ddc959598ea915851d1a2fd2b3a2a9bf4533fc7f0576efb38ab16738f1fc233f3963d710bd967b9fb256b9ef36aaca2d6d648be74b42c586a1be9989cabfd8e5cae1132aa6fdbd1fb78fd055bd3ddca7d39c4fbf3e0d3aae6e7db8c477ac4ec1f0d7ab3884bf7b05862653d332448a5ac9d155a8f5f0635a9d5ceea9d3a7c55083bfa9a6ccc51119aa7a2d3b2f625eda5457a89aa28b5473aa7977e223ace3ffbc619fda6bb12a864b6c6fbf6e755435ae6e5d150dad8ac6afd2e93afff00bd4dab715cc66be089d4d3a6a2addd35535477cc4467d38fcd40ef2f637ea4d1161adbce93d7b417ea7a58d65929ae748b46fe54f1c391cf45fa3048d8d351a9aa2dd1562a9e598e1ef8fc11b5d73446f4c706bdafd64abd357bafb4d7b191d6d0cefa79d8c91af6b5ed55472239aaa8bd53c8d3b96eab55cdbaf9c4e1ee998aa2261e031bd3775d8e5ab6b2fbc2d565a6a7de86cb7a9e0a772b955792446caa9d7c111ce7787a819dc052bb8489f26d33b1d5264c2fa74502516b7663402669e0000000000001d64f9a053d7bf98e02e1587fc4b45fcd37f401ef03497db2dfbe8ed7ff0057e9ff00d648060581949d9f7f752b97f44fee7105b57951e73f2754ec1feb755fcb4ff53683da21abafba378779ebac17ab858eb9b472b9b536daa929e44546b30a8e62a2f4ca97bd9f6e8af49a8aaa88998a631e0e4dabaa6351189eb2c06e09b8e8dd0a5dc2a4d35a8b575cf5151d522ad3baed52fa9735c9d55ae57aaaaa2a6572ab94c74f1e94cd64dcd3c45eb754f8c74746ecd7d1b6ad756ccd6db89cc4cd35444455131c7198e7c333c73c63b9b0be3276d6cfbffc3a2d6cf4d1b2a2685bddcae4cac2e7f46ae7f892f2afd1cc9f7ca5cf63571aca2ad34fd9b94e63c2a8e312a16d5d24e835555aaa78d15633e1f9e2f1702bb5364db6db5f6e8606471d14091b6556f54f739e47aff195153afc5dea52b65dbaafd755eab8d533874eed8dda767d9b1b274fc2dd3199f1c70ccf9ce667c582dc6f76876e6d46e8d6e99d13a8eb3495aad8e6f78eb6bfbb9647aa2391aaf4eb84456e7d579bcb085c768536f4957d12dc718fb53d667c3ba23c38b9358aeaab1767d23a7af7fab22fb3cf8d6d53bb54715ab58573ae95714eda49a797abd55d8464b9fa5c88a9e1d1de1d0a7c5eb9a6d4c5aaa734d5cb3ce1d469d06976dec6af5d66dc5bbd6b3156ec622ac46738e5198cf2eb1ddc16efb5f764ed9470d0eb8a0a6653d635cc599ec6e3998f7ab1ed5f5f7d63727a2bdfea5e2eff009ad9d176afb56e719ffb6797ba79394c7e8ef6ec72ab8fab56e575b8dd77660ffc41b37f5227e98083d17ed977d7e70eb3da2ffa7343e547f454bb9c5eedb59f888d8dbdd1d3b9b2cf4d4dde7372e5d1b1e994763f88f6b5dff66e42fdb3e622f5cd9f7b8457c3ca79d32e41a9b35d36adeaa2384e71e9ce18f1d9c1c3fb76db4e4977bfc2c826a147dc2be45ea8d9133cadcff17973ff0067f12936b4f7353b46aa6a8e344eee3c738f9baceaef5bd89d9bb562d55f5efc6f4cc774c667dd4e29f399661efc5ce0ba6d15e64a7773b639e18dcbe8e495994fab38fa514bbec2989d7d311d331f09726d7daaed598df8c66227d279302bb2c7652d92dba8ef5574cc9aa6b15f59339cdce58c5c319f47bcc5c7c5dea503f6ad74d3572a7f3f375ea3fe47d998bd6b85cbfce7af199c7ba98998f19cab6ed2ae37f556cccb4fa3f42572da2e754af649718911648d1a8de756aaf82e5e8d4fa1cbd7a179aedd1a3d2d1766335dcce33ca223c3accf8b8ec55372e4d313c23e2b0bc0f71f3b9b5dae59a6b566a5acd4b1cadef29e5b948b2b970a88b1b957af5ce517c530bd4a76b2e5dd3cc5ea2784cf18e9fd9d33b396747b668af66eaadc45714ccd35c44455c39c4e39f7c67c73d19abc7c6d3d9b7c787a75dd299bedbeced969a572273b1cac5744b9f56bf0dfa1ef4f32e9b2aa8d659af4b3caaa77a3c2a8fcf173bda3a7ab45a8aa8abed5154d33e3c70a3fb30fee7963fea34ff4a1289a2fdb2efafce1d67b43ff004ee87fd9fd152ff6feed4695e26b6eee5a7deb05755fb32be2c2e1dcaae7272e57c179d8b85fbd73517e9bb697511a5bb5697531f52a88de8f3e530e4b774f5d7669d4d31c333113e318cc7c58c5d9fbb6171d9dd474fa52e7974f435b58d6c8ade557b15b32b5553c970bd53c95150abeaf475e8b6b6e55c6263313d2631ce1d4ad6a2ddfec6e299e34ce263ba7da44e27d272b11da1974a1b2f159a22b6e4e6b28a2b9562c8f7f46b32b0a23957c91155173e582cbb7e9aabd9ba7a69e7bb3f7289d98bf674db66dddbf38a62b8ccf773c4fa4f16c7b656a69b57ecafb0596e5ec356e64acf6aa75f7e273d55cc7f45fc1544cfc170b942bfb1af5ba28a2a9a77a299e31eab0f6cf4f7a8da75d55f08aa2313e51113f1f9b09f70763f8d2d93d6b76d49a235ad56e05865a992a596d7dc5d2b98c572b923ee6554e8d45c2722f97812baab146aaed572cd78ccf2fb38f0ff4fe792afa3da1734747b3aedd35d3dd55313f1fb51e92c28e24b8abde5dc2d76d9f57ad4e8bbf50b9ff00f06b6366a1735151a889d5eaaa89c9d173e6abd557235755caad51a4bf46228cce2639e7af8f84b5b4ba8bba5b955fd2dc9a66a8c4cc4cc70eee1d3c177b814e20b743546bbb8d0de7717555d68a1a56f754f5b79a89a36611ff0035ae7aa27827d856768dcaed451144cc73e4e93d8cd2d8d75cd555aaa22b988a67eb444f199e33c7bd9f9da37ae751e83d84a8b8e9bbf5cac1704a695c9556cab929e545458b0bccc545f35fb54bbe86dd15e9351555199888c7871e8e55a899a6f5311df2d46eddef96e36e26e7698a1d55af752ea4a25aa44f67bb5da7a98fa22b93dd7bd53c5a8bf4a2157d6ddae9d25ca22a9c4f38e92b8f65a989db7a59c71defba5bb4a0aea9b6f0cb535349512d2d446d7ab2685eac7b7fe138e8a9d5094ecd514dcb9669ae33199e7eaf3db4998da57a63ba9f94354dc367127bc553c43cf684d77a9eef697d55424f4d5b739ea23898d7af2aa23dcbca99c37a74ea446d6aa6d6f5544e2627863cd23d8eb54eaf5bf47bd6e2bb734ccce6227188e13138cc71c47ab661c57323d4bc28cb51a923624f3523bbe591a8d5547412f32e3cb2d4e6fabe05ab605555c8ae2e729a272a86deb5674facb96f4ff669af87e1f72d67669eca5b34a68ca3ae75346eaa869d9532bd5bd5d512653997d71caec7f9be8851b47fe67535deaba72fb9d436f7fc9362e9f6759e13723354f7ce226af8cc47946163fb4478fcd77a6f5c2e88d017a9f4d53c4cef27aea15e59dcde656b511fe28abcaae5c7822b513ae556f3acb746868a2cc444d754666678e33ca23ef9e6e396ea9bb3356784724cfb3ff8efd71acae13d875adde7bfc948ac574f54bcd24b12e72b9fc26e17e0bd0a5debd73497a99ce68aba4f4755d95a2d2f68b4176dcdb8a2fdac62aa631bd13cb311c39c62787589e795d4ed45d94b5ea5d236ad61053c6cba50ceca849da888abc8f673e57d1d1aae7e31b0bad3fe6f66deb7573b71bd4f94f38f2734d3fe8b5f667bea889f7af970dbf70fbd7f465ff6742a5b039d3fcd1f73a5ff00c41fdb69fe59f9cb47bc4bfddff57ff4d6ff00a0c2cdb63f6ebbe7f7396e93f5743779c22fdccaebfcd33fd07951d87ca7ce1d77fe217ed36bcaafb9aedd037fb55a38dcd734f5f247154d5c348da6748a89cd8a58f99a8beab96afd4abe44c76be999d755574898cffe308fff008777ad5337accce2baa98ddf1c4cccc47c271e0da36f6686beef36d34941a1757cda4eb6aa99decd70a491cce5e6661bef3151c8ad5f4f4f25c2a48e8751668a6adf8cc551889e731e31973cd6e9efd9bd55bb9c2aa678c4f56be2e557c72f093495b3d53dfb8d618e37b5b5b24ceb9b62cb5511f8e66cb9455cfbc8bd513c53c7568d15535ef58ab7bc33cfd278fb9b97369555d89b37add3e156ec4551eb18cffbb2d77ee86e0def73f5b5c3506a1c36e93ab59244d6b9ad8b95397951ae5554ea8aaa8abe2aa64d5ea2e6aaecdcbbcfbbbb1d1196e88a29c5293e9ed5178d255eb5b63bad6d9eb15aacf68a0a87c3272ae155399aa8b8e89f61a15d145c8c57196f69f557f4954d7a7b9344cc626626638777066ef021c40ee7eabd6978a3bd6e26aabbd2414b1f750575e6a26647f3fe6b5cf544f04f0f422368dcaedc51b954c73e4e89d8cd2d8d755aaab556e2b988a67eb444f399cf3ef67676946bcd4ba0764e5afd33a82e7a7ab929667254daeb24a69329253a22f331517c1cefb57d4bde8add15e8b535d54c4cc45389eee33c9c9ef55317a8889ef6a676cb7bf71371775b4bd26aad77a935252ad463b8bb5d67a96611ae727baf72a745445fa4aa6baedc8d1dcb7154eecf38e9cd75eca5313b734d38e399f94b77169b2576a3e1b1d6eb6c0b535b3a3d23891c8d5762a9557aaaa27822925d9cbd458aed5cb93888cfdec5db2a66bda77e9a79fd5fe9a5a94b17678f10d49ba96ebacdb6f54cb7c57a8ea9f37ca346a89124e8e5763becf875f0c9abaca66ed37228e39ce3d519b22f51a6d7e9af5d9c534d744ccf74455132db5e97d3174d23c3dea1b7dde9168eb1292a1cb139cd72e3b944f16aaa78a299bb3f6abb37ad535c6277a3ee4bf6c35da7da1acaaf696adea77719e3e3df86b7f836fdf27ba7ff0058e4ff0069908ced07ef29fe6abfa96aec4fee9d67953fd35322fb5f3ee309fc98bfdaa22e563f75dff3a7e6e3f5febe8f5567d9b9f734b2ff0051d3ff00e5283b3ff68bbebf3764ed57ee7d0ff2d1fd10ba9c47ecd696e29b6cae36a62c35d5ada647c2e8d511ead7655a88abe0e454556aaf839aa8be2e2efa4bf4e9ee57a3d547d49e154774f4aa3f3c61c92f69ee4daa3534c709ce27bf1ce160bb3cf6fae1b592d2697b9e1d576f92b2357a2611ed57395aec7965153a792e53c8aa5fd25cd16d5aeddcf389e9318e130ea777516f51d8fb3b9399a67131dd3bf3389f4989590e28f6f69b7178d8b452573125a2a35adac92372651fcb5586a2fd6ecff9a583b4d766d68f4d14f39a2215aec4682debb6a5755d8cd36f3563be63111f19cfa33c7546acb7f0cdc3c2dea2a78db34549ed0ff77288eee96473953cd1ac6aa227c13d4c5b17416eb88a6be14d31bd57a23fb4bb4eeeb75f72e4ce78eed3e513f7f369c752f68b6fc5f75c4ba829b5edced74fde2ba1b4d3c98a46333d1ae622223be2be3e98f04c3a9b91a899dd8dd8e98e18f5e73ea8bd25eab495c57111577c5511544fa4f2f4c4f8a73bd5da49b9fbd9b791e92b8b28adb4fdd7773d6512bd269955cfe655555c6558ad6744e888e5fbee9974da9b9a5b355ba78cd5c37bae3ac7abceb2ab7aabf3769a228a7fd31ca3dec94eca2d5da7e9edb6ea2967862aea5ab99b508f5445473d1fddb97e1ef3533fa8ac55fa3da11557ca797bb1f3753d37f9cec9d5634dc6ba2677a239fdadef8d3efc61959c6570fbbc7bad153dc76ab71eab4bd752c8d95281b5d2d2c72e19caac5733a6157deea98cf8a2f454b9cdcb17b491a7aa376a89ce71cfce638c63c32e496eabb66f7b6a273f9ee9e13eac18de2dff00e30763742cfa5f712ca9556d748d73afd3c0b53cec6a39111658dfca8de656bb2ad4eac6f92aa2e2d251a8d9f54ea6d7d688ebcf19f8c7ab6b5baba75f14d1728a6998e7bb1bbbde711c3dd10d7ccd3495133e595ee92591cae7bdeb9572af55555f523a6666732c0e87c1bd2ec89b1db2d9c1f5bab689cd92b2e375ac96b5c8c56aa48d9391ad5cf8e18d6ae53f080cd60293dc47392db4a88dcb566eab9f0e804a2d7fb9a01354f0000000000000eb27cd029ebdfcc70170ac3fe25a2fe69bfa00f781a4bed96fdf476bff00abf4ff00eb240302c0ca4ecfbfba95cbfa27f73882dabca8f39f93aa760ff5baafe5a7fa9b35ed24b5d6ddb86fa88286927ac9968a6448e9e2748e5f763f2442fbb3a62349a9899fe18725d5c67511e72d73f03bc2a6bed53b9b43a86a74c5ce82db468bdcc9574af85257b939729cc89eea3557def0ea9f1293ae9aaed3162dc66679f83a4f65acdbd9f7676aeb6a8a28a62629cf3aa6631c239cc4467ce79756d038b1d756ad86e1b169ee1511be5a781abddf36165567bd84fe549c8d4fe57c14b9ec3b7f448ab51572b74cfbe78447aa85b63571b43575ddc7dbab38f0ff00e207051afacfb89b5b250d3d436486b29db2b1115399cc58d237a7c15111bd3e3f0299b26ecd9aaab73f6a99cba5f6dacc6aa2c6d2b3c6dd74e33e7c63e731e70d67f1ddc1d6e0685ddcb8dfedfa76e37cb25d9ed736a6dd4cf9d1b22351bd51a8aa88ec22fc15ca8be59b96d28a7515ceb2cce69ab9c75a67ae7c3c7939369e2a8c5998e3d3c7c9933d9abc27eaad1f4ccbe6a4b64f6af69a86d548ca862b15ac6f2ab5985f172ab7ae3c11cbe9d6953455abd5535c47d4a7af7bad5abf6bb3db12e69ee55137ef67eac4e776263119c72c4667cf877a076c26ec5b52c941a3e9e764b5d33e363e36ae55a8c7f7af5fa95226fd2abe8a5eeaff002db3376ae772acc79475f7b90fdbbf98fe18f8cb546575b8dd77660ffc41b37f5227e98083d17ed977d7e70eb3da2ffa7343e547f454ab764773a9a97782f7a5eb276cb4f32ad34b048bd1ad91ce5674f4e6554ff3dde85a36d5e9d36d8a66386f514fbfa2bfb3b4146d1ecb5555be35daaea9c787099f7c71f3856dc4e6a9b26cdeda7c956e6456f92ef2c50ab5abd5cd4e48d89ebef3bbb6fc539d7d490d2d71a78d46d4b9199a226af3aa7842a9a7b7736aea74bb32aabeaccc531e14e733f3fb902aea24aae182ae699eb24b255b5ef7bbc5cab3b5554d5ec9d535ea28aaae73bdf294c76dedd36b5d5dba231114d311e510c59ecaddd7b6cb63b75aa69d91d4d3f796f99ae5eade65458d7e85e56267d557d14a8d1fe5f5f3bdcaae5ebfdd73b9ff0037ecb51ecb8d56784c7f2e7ff59cfa4a0f6a6708fab75b5c29b5d692b554ded94cb23aa2968e35925463d1bcd86a75554737289e68f5c754c2df2e4c6bb496e9a67ebdbcc63be3c3c63bb9b8dc44dab9333ca58f3c05f09daf2ffb890ea4aed3970b65153379205ada77c3cce554cbd799130d444c657c73d3e348d74577e634f6e3339e3e0ea7d97b76b65457b5b5b54534eecc531fc55679cc473c63977e7ba1b1ae373706d5b25c3649433d4b16a22a54644c72e1647318ad674f5748ac4fcaf452edb1a8fa2515ea2afb34538f399e110e6fb53533aed4d572638d754cf94672b7fd987f73cb1ff51a7fa50945d17ed977d7e70eafda1ffa7743fecfe8a96fd9c503b67f8b57698ab95b0d2d74093d3bdeec31ef74f335f13bd11c8d454f8a7ae0b4769e2bb3aab5a9b7d28a6263c38abdd92bba5da1a3bbb1355189aea9aa8abfeec470f3e1c3bf8c75867d69ab569cd49514dabadb0b7da2a1ddf778de8a8feedd1b91c9eb85c2faab517e2badedfe976edd53398a738f0cf3857afdad4ec9b97f455f0dec4551d27139898fc7b9aa4ed26d0b5fb91c4869ad3f6d4c5455d4d7356456e5236a2c3972ff00fbd5709e64c6dabd4d8d0e9ae55fe99fb9a9b0f66dddadaf9d25a9c6678cf7447199fcf92350f0e7c56f0ada6a8752edaea2a8d5964733bc4a1a189d2399161153304995c673eeb5718c2a673d20ace8edea6dc6a2d4e2a9e9ca7f09f9a6351b475db3abab676a2a8b945138c4fd6a7d279d3e93186577063c5ceeb6f0225bf5fe849edd59154a52c9529432d2abbe6e5fcae4e98cae53f8abd7d34aabd7ec6a22c571989f0c4c79f44bdbd99a0d7ecab9b4699f635d333c339a6ac467867eb78739e3deb49db0ba0ec0ba4a8750a53c30dea3744f6cad4447b95d22b1c9fe737aaff368be45c3f5db2ea9b9ce8aa3767cf9c7dee753f56fc63ac7161ff67bfdd2aeff00d15bfa1e5036af2a3d5d8fb05f6b55fcb4fcdb1fed46fdee353fd166fd3097ed9ffb16a7f963e6e3fa9fd751e72d396c4fdd774c7f4aff00cae2a1aefd9abf25d3b2bfbeb4dfcdf74be8276dae96cb2ec8c15b796364b642b2accd7c5de22a2cea89eee173d550dbd8d6eedda2dd167ed4e71d3bdf7b5f5534ed5bb3572c53fd30a6363775f63372ab655dbeb6da29eadd5324322c3656523d6662bb991cbc88b9ca2aa67c7eb3cd776d7d226cd7f6e3c3ef6a5ad06d1a3674ebacccfb19e78abc71c6227f3139e4c3bed6ede7d7964a1a6d2305adb6fd3158ae864b83245739e8e4ce318444e76a3933d708d7b7d54b3d5fe574115d8e3ed38553dd8fe1f5efeaa97eb2ee2ae9cbf15e5ecdcdd7b6eacd0b474ec9d895153491b1cccf549a3e6e667ff93f1ebca50b41fa0d45cb3575e5f9f29765ed37fcd764e976959e314c62af0998889f74c7c61893da53c1d6b5b66e23f5b69eb1d6df6c9511f7532d042e99f12239cac72b5a8abe0ee55e9d3933e0bd2f7ae98d75146a6dce6a8888aa3af0ebe313f071bb5136a6689e5d136ece5e11b59c777a9d457db35659a0abe58dbed90ba3747126799ca8a9e2bccb86f8f44f8e28ba8a2ad65ea6dd11f569e72ebdb12e5bece682f6af55547b5b91114d19e388e3c63a667bf94478b243b52f77ed5a1f6ba96c7deb1d5d3aa46da745f7979dcd4c7d51b6477d6df542f5623d86cebf72afe3fab4fdee514dcff376eb9fe19de9f7aee708b73a3d55b4d5f454950c7fb453b158f45ca2b5f1722393e196ff006a14bd8973d9f3e74cc4fe7dceabdbeb7373516b514f1a2aa6713f1f94b54bc4ef0abb90ce25abe923d2b739e9ef1531c90d6434af7c2d4e56b5eae7a26130a8abe3d5318f12d5b6eaa69bb5eaa89cd15718c77e3979f839aec7d25cd6deb7a5a784e78e79447599f086dcf60f4dd66dc6cf5d2b2f713a8f34eb2f772a72b91ac8d7ae3e2aaa89eb8f895ed89a5b9134d331c6a985ebb73b4b4facd64458ab7a2889ccc72ccf4f8352359b1976e27b8a1d689a76eccb4434b5715332e2b1be44f688e26448d4e45cfcf67554caa653a292fb7b596ffc46ba319de9c7ba223e6ad6c2d8baad6e8ee6aed55b916a3399e199e7889e9311c73e5debd773b8f199c1355329d8daad71a5e3c2f7f1523abe05e9d5155a9ced5fe32e7a63c3c135ead9dece37b4d5663c3efa67e71c3c5e6adb777538a75f445cc75aa3157fe74e267d73e4d8470c9bd3a977b3484155aab49c962a89a8db2cac922735a8ae44cc6e6b93c7de5fc95e847e935376e57553547d9eb098db9b2349a2d3d9d4e9ebe3722266899899a7319e98e5cb8c773523da6ba1ec5a3b7fe57d9a18a9dd569377f1c584455648ad6b97e385e5cff110b66d688aa2cdf9fb55d3133e3e3eaa169f84d54f48962215f6db2c7b3c7ee837ff00e8b1ff00e72076aff07abac760b9eabca9f9cb61bdaabf7039bfa1cffeb698e87a0fd8357e54fce5c6effebadfab503b01f762d2ff00d257fd0714bd7fecd5af1d94fdf5a6f39f94b7f1a5b53d4e8ce1e9979a38e29aa6951eac64e8aac5cd4ab7ae1517c157cc93d81a7a757ecacd73889cf2f562ed8d736f6a5faa3fedfe986bb2d1db07bb170dc3a2b049a4f4636927ba3285d2369aaf9d18e9918aa9ff0008c670be863d4d73669b934ff0e7e087d9ba7a75bacb1a7ae7115d54d338e789988e1ef6c62835c56ee16c3ea2bbd7c3053d43a8ea18aca6472331dd22f9aaafdf2f99b1b0afd5a8bf6abaa38ef47dc91ed3ecbb5b2351569acd5331bb9e38cf5ee88ee6b43836fdf27ba7ff0058e4ff00699088ed07ef29fe6abfa974ec4fee9d67953fd35322fb5f3ee309fc98bfdaa22e563f75dff3a7e6e3f5febe8f5567d9b9f734b2ff0051d3ff00e5283b3ff68bbebf3764ed57ee7d0ff2d1fd10b41a1b8a7ff72de282a74856c891413c11cb4dceec366e6cf3c4be8bd39917d7e8eb67ed46fe9f6846a68e5bb4c4c203b2b569b6b6ceaf62ea3ead799aa89f1eb1e71f18cc73c3607a6ec7a76eb5116a8b542def6adcea9ef99d32e73118f454f25f75329f8499f5ce09bdf4aa6dd7339dd8c479772b1768d4ecd9bda1b9c3331bd1e31ca63f1eb12d68711bade974571bf6a756c89153d7a575273bbc11cb5594fb795513e2a86cf6a2dcd7a3d2d51fc34c4a7fb07aca34db56e5ab938f6b134c79e6263df8c79cb38374b42c7c4770deeb4d0cad7544f44e815ad54cab9617452353d170e554cff17d4f7b17596a98fd24fd5ae99a67c3281ed0e86e6935d76d4c718ab7a3c626731f9ef69634ff000cfb97b7fbe965b1ddb455e9d2d25ca373a68a8257c2f8daf4fdb11c8dc72e3d7aa782a22917b4ac5762d574cf1cc4e2638c4f9377b371ed76a69eb88e14d54ccf8444f199ee86e26e5a71f69e18aa62afb6fb2d47b446ee49e1e57e16466170a99257b274554dfa22b8ff00573f266edb5fb37f5d5d562a8aa311c638c7c1ab3e16b82cdccdd4b1c3ab344ea66e9bbbe165a781c9246e9604ce5dce8b8eabdde1ae4c2a395739444741dbaac6aefce9ae7088eb8cc7e2cdf40da1b1f436b6b59b9bbbfd227138e9e13138ce3bb12c81d01c4ff173b0baead5a3f5e691aed496d96a194c95335b1ef4e455c73b278d3979513ae170b84f2336a74d7b456e6ba2acc47fba3dfcff003c9e341aab3b5f57458d6598cd73113553f52a8cf598fb338e73f57d5b0bbdd5b374b636f553a8acc942ef649a4ee6a1996f3318ae6b9a8ef255e98f3ea9d51492d8ba9bb55fb55eee2667131df13c2517da0d9f6367dfaf4f66e6fd3119cf7784e3abe7c37a2c341a5f76355daad6d6b2df4b709590c6df08dbcd9e44f8373cbf51f75f6e8b3aab96edf28994259aa6ab74cca8b34199ba1ec5a99efe1db5431cf7398cd40fe56aaf46e618f384f20360e052bb85fe2aa7fe793f428126b5a7ed6804d53c0000000000003abfc00a7ef69fb5b80b8361ff0012d17f34dfd007bc0d2776cc42f6713f687b98e6b1fa7e0e572a74762493385f3030200bbfc346f55b763f5855de2e76faab843343dd24748ad4722f5ebef2a7a91dacd355a98a6299c6171ece6dbb5b16bbd55da26adf888e18e939ead90d3f6d56dc434f146ba0754aab1a8d554929bc93f9649c4e230a8d756f553577a51aa3b6d34d476f9134e6db5daa2b953dc5ba56c51448bf1e4472aff619a8aadf3af3e9f8ff006629cf46beb88ee2b75d7137a83dbf5456362a28ddcd05b297290c5e38fe52a22afc132b844cae735fd5d57688b54c6ed11d23bfbe7be7f30f14db8a677a78ca2f0ebc576b1e1caf315459654acb7364ef1d4333d5a8d5f3563baf2e7ae530a8b95e9d5484bda68b9545ca2776a8ebf8ad9b376edcd159ab477e88bb62ae74cf4f1a67a7e679f16c5346f6d4edfc96d89baab44ea6a6af46fbeeb4329e78dcbf047cd1aa1b76eab98c5cc7a223551a399ded2cd58eeaa2387ac4f1f74296ddeeda4b755d9aa2936e344dc60ad95aad6d7dfe48e3eeb3e691c6e7e57fcefb090b772c5bfad544d53ddca3d79ccfc3cd1754553c2270d67ee1ee25ff0074b5555ea1d495efb85cea572e7bbe6b1b95546b53c9132bf5aaaae55554c5a8d45cd4d7ed2e4f1f844774783ed144511885366b3db3eb846ed16d23c3b69ba1b6ddf4b5eee9253dbd28dcfa274288aefdafaa73393a7b8bf691fa7d35566fd7766784e7e6ba6d4dbb675fb2f4fa0a2898aadeee667189c44c70f7ac56e271777babde5b96b7d09254581b5b0470be1ac8e395cbc8af54554ea9f7eb826f6ad767695ea6ecd331bb111f9c2bbb2769eb363d1728d35788af9f08989eee6f36b7e34b72377f5469fb8ee05e7e59a3b555c35294f4b490d3abbbbe6c27b8d6e7e7bbc7cd726b6a2eddbda4ab49138a678faf2e26cbd4dbd0ed1b5aeae9cee4c4f0ee89e8cb2776a7e875d9e9347fec3b507b63a56c9ed1cf077784911df879f04363625d8d97729aee46719e5e2cdda2d751b675555fb5134c4c473f0f26bff6d374b506d36a58ef5a7aafd9e74e9244feb1ccdfc17279fe9236fd8a3514eed7ff00c365ed5d4ec8bded74f3cf84c4f298f1fba79c3649b43db3b6ab659a9e8b5fe8dbb54cf1351bed76792295cec7aa48e667edcfaaa8b517adfd5ae62a8efe52cdaebdb3b57337acd155aaa79d318aa9f49cd331e58955bac7b6b36f69ed92fec5342ea6afb8ab57bb4bc7b3d2c48bf158e59157fb091a26d73b99f4c7cffb4abf3bdfc2d70f11dc52eb5e26b53add35354b62a363b9a9edb4eabdcc5e48bfc65445c67cb2b844cae72ea35755ea62dd31bb447288f9cf7cf8bc516e2999aa78ccb26f847ed18d21c3be98b7db2efa5af774969ade946e7d13a146abb2c5ca73393a7b8bf6903634d559bf5dd99e139f9af1b4f6e59d76cbd3e828a262ab7bb999c62714cc70f7b18f89bdeea2defdd56eacb351d65a62653b63632a5cdef5af49a4911c8ad55c7cf4fad0b26d1d5d1adae9aa98c445311c7c32a3e9e9ab4fc6278e73130cb1e18fb5520da2d374f6bd5fa7ee97c548f9269281f1a239cd4c3644472a6155111153c3ec42b9a6d3d7a6aea8a67ea4f4ee5db6bedab1b634d6e6f5b98d453c26a8c627ff00bcfc2738e12b35c4af1b2edd0ddbb6eb7d0b495fa76a291f50aacb8246fef1923a35e5546aaa2a7ed7d7eac13bb46edad7e9ecd8aa9fb11f1f056b656bb55b235356a74d56267877c4c774b20f66bb656bf4d5a696dbae745beed1c0c48d2aad552d649844c27baf4c7daabf49136e9bb6a3773bd1e3c252babd5e835f54deaadcdaae78ceefd6a667bf13898f7cae9de3b6bb6ea2b7bdd6ad03aa2a6bb97dd8eb1f4d0c59f8b9b23d71f51bf44d1fc79f457aaffb5af4e2a38bdd59c546a46d6de628ad76a85fcf4f6ca77ab9ac54454457397195445544e898e65f155555d9d46ae6edba6c5b8dda238e39e67be67acb0d36f154d73c652be1977badbb1baaebaeb73b7d55c62a8852346522b51c8a88ef1e654fc22bdacd355a9dddd9c6178ece6dcb3b166f4dda26adf888e18e939eaca7e2fbb49f477119b592e96b4694be5aaa9f0c91a4f5af8559972b3f05cabf78bf6964d36ae9b162f5a98e35c447b948bb44dcb915c74960c6dd6a787466b6b45eea21927828a6ef1f1c58e6726153a67a79909a8b537ad556e3aa7b63eba8d9bafb5abb9133144e711cf936349dac1a113682a3487ec33517b6488e44a8e783bb4ccbcff879f0e86fec8b91b3abb75d7c7773cbc72f1b7f594ed7d55cbf6e3762ac73f0888fb987fc3b714736c66e0ddaf3ecf55536aaea9755253c0e6a491c9cfccd7265719c633fc942335d62753762f5b9c5513f04cec0db946cbb5774baaa26bb57239477f2ebdf1c27d3b993fc4c768fed3f129b652e9dbae82d454d717c5cadab4753ab6372e15553dfcfbae44737e298f05527f49ab8b545766f4668aa38e3a4f498f2536fdba6aaf7ad749e19eef16176c87101aab6135136e5a76ab9a057a3e5a3955518f54f07263ab5dd13aa7c3c70840dfd3537b1572aa394ac9b2b6d5fd97bd6e222bb55fdaa2794fe13e3ef896c8b6efb69f48b6d50c5adb44dfd95cd6a23e7b3771335df1c3e48fafd9f419edcdd88c5cc4f8ff6feed4d64ecfb933734b15539fe19c4c47955989f7d2ebb91db57a59b699a3d07a16f53dc5ed5464f7e7c34ec8d7d79637c99fb4dfb7559a78dc899f0e5f1e3f24355bd3c21ad0de6dedd57bf1ac27d45aaebd6aea9eaeeee16e522851572a8d4cf9f4caaf55c2792222353aaaf5331bdc22384447288f07ca288a392f1f0abc776aae1b2a29e99d4a97cb345eeb60749cb2318be2ccf839bd13a2e31d30bd1310b569a69bbedacce27af74ae7a6dbb4d7a2ff0eda36fda5b8fb33138aa9f2e938e913e59c70678dabb6a369e4a06bae5a3359d3d6f2fbd1d2c1492c79f839d50d5c7d4485154cfdb8c7971fc158bf1662afd055331e31113f09963bf145dacb78dd9d3f51a774169f9f4bdb274c495d5f335f52e4f2c35b96a2a78a755c2faf4c49dad5d1a589aac47d79fe29e9e51c78f8e7d1a1551373855cbb98a3b13c4e6b5e1fef895fa7ead9342e9bda25a5aa4e66b9fd3de4778a3ba78fda8a405ed3d37aa8b99c551d569d9bb6efecfb55696698aecd5ce99e5e7131c627f386c274176d7587d8228f596dfdd1b568888f9ecd51148d77c795eacfd286c51372385789f1e5f0feed0d4ce86bfafa78aa9ff00b671547fe5989f81b8bdb57a7df669e1d11a0aecb727b55aca9bd4f0c4c8d7d796357e71f1537ad576699deb9133e1cbe3fd91356f4f086b2374773efdbbfacab752ea2a94a8b854ae11adca3226655518d45555c65557aaaaaaaaaaf551a9d4d7abb9ed2e79447488ee87ca288b71885266a322f3f0c5be76cd8bd4d72b9dcedd57718aaa16c6d6522b51c8a9cde3cca9f84476b34b56a777767185cfb39b72cec59bded689ab7e23963a4cf7b2778c7ed20d1fc49edbbf4dd9b4adf2d552e8248bbeae7c2accb9f13917dd72affc9afda859f4faca6ce9af5898e35e31e99516e5b9aee535c74cb0836d75541a235cda2f9530c9510514ab23e28b1cce4e554e99e9e6406a6d4deb555b8eab0ec6d751b335f6b5772266289ce239f2986c61fdabfa11fb3b2e8ffd866a2f6c7a2a25473c1ddfeefde7e1e7c3a123b1eec6ceb96ebaf8eee7978e7f162dbdaca76b6aae6a2dc6ec558e7e1111f735c569d490dbf7028afef89eea782e6cae589b8e756b6547f2fa67098357531ede9ae23f8b3f161d9ba8a745abb1a8ae3314554d53e9313f73633a4fb57342e9eda7b9e9497466a196aeaa29636cec7c1ddb55d1a353397e7c8fbb2bfe5f551557c77673c125da3da56f6d6aa6fdaa66989a71c7d7bbcd8c7b15c57d8b6a375b58eaaaeb2dc6b696f774757c5053ba347c6d595efe5765513387227435f69da9d76afe914708cccf1f19ca43b3fb6ed6c8d15fd2dda26a9b98c4c63a44c7deba3c6ef684693e28f41fc8364d3179b3cf86277b70744adf766649f78e55f06aa13b6f574d1a4b9a798e354c4fb947aadccdca6bee4fb855ed29d1bb05a5282d575d297cb94b4f6f8e8dd251be146ab9b8caa73393a742b7a6d35562ed772679e7e795eb6c6dcb3b4b43a7d2dba2626dc5313338e38a71c188dbfdbc34fbadba8ed5d65a7abb4a36289b124ce44958f62aaa3915aabe6a858f69eaa8d7def6911c3111c549d2fb4d2cc554558aa273131d25997c37f6b051ed669982d7abb4ddd6f2f48d1257dbdf12356444c23da8e7263289d53e8f4eb5ed2d8af4d54d3139a27977c2e5b6b6c69f6c5ab772bb734dfa6313318c4fdfe31ddc63931778c0e22ed5c466e445a96c96daeb3c2c7cee48eb1ccef115f2abd30ac55f0c962d6eae8d55bb545318dca712a559a2ab5555544f39caee70c1da73ab363a9e2b66a1b6aea7b4a2235ce6cbc932b53a26517a2bb1e794f8e4ae51a7aac5535589e13d2797a772ef7b6e5ada7629b5b52dcd55d3cae538def589e157be3dfc59790f6d46d13a879a5d1bad59598fdc994f46e8f3fcbf6845ff00f124a8ab3f6f87971fc153bb16e2afd14ccc78c63e533f3638f119dae3a8b746c95161d19a520d356d99515d5771952a6a170b94546a2235aa8a88be7f1c92363594e92adfb11f5bbe7a7947e333e4d3aedcdc8c55c9687869ed0bd7dc3c253d17b3d3ea2b3c4c48929ea17bb91234f06f3a22e513e299f895efa37b3ae6e599c4cf3eb12b946dd9d4e9a9d1ed1b7ed28a7eccc4eed54f4e7c627877c7ab35ec7db5db7d2d1356f3a07535355e3de6d0be9e68d57e0ae918a9f61bb45557f1c7b95ebf1a789fd04ccc78c447c62673ee859be233b5e6bf7174dd55874169496c14d509cafaeba4cd92554f2fdad9eefc71cca9944ce53a12ba7d5dbd24fb4b54e6be933ca3ca3acf9cfa23aba26e70aa7835d359593dc2ae7aaa995f3d4cf23a59659172e7bdcb9572af9aaaaaa919555354cd554f196688c708423cbeb7d3d95fb5151b65c24d8aaebe9fd9ee1a96796f2e6e573dcbf0d8728be0ab1b5aee9f84065f81496e14cd4a4a387c5cf955c9f4227ff204b2dade58d009927800000000000070ef00249788b9a37015868fad4adb0532e7df8f313be94ffe3004e80d7576c670f371d7fb6d60dc8b1d24b5957a556482e5145972a514aa8bde237cf91e899f46bd557a201a6c000000000000000000000000000000000000000000000000000000000000000000000000000000000000000000000000000000000000659f015c0d5eb8a7d6905deeb04941b6f6aa86bae35cf456fb6ab551569a15f3554e8e727cd45f5c01bedb7dbe9ad5414d45470b29a929a36c30c31a61b1b1a986b513c91111100f4016e753567ca9a8ded6f58a993ba4fa7cff00b7f401eea38f918807a80000000000000786ba1e762f4038d17704b75d25a395dcb1d461599f0e74f2fad3f42015e810ea29e2aba79209e364d0cad563e391a8e6b9aa9854545f14540357dc56763dbf51ea0b86a7d9bb9515b92ae55964d2f71558a18dcabef771326795b9caa31c984f27226100c30d4fd9c7c4569548dd3eda5c2bdb23dcc45b5cd0d5e31e6a91bd55117c95500907fbc5b880ff00249aa3fee4a04ff4c7671f115aa924741b6970a06c6f6b156e9343499cf9a248f45544f354402f8ede7630eecdfab9bfb2dd4360d2b408ec39d048fae9d53a756b1a8d6faf8bfcbc00a6f71fb2077cf485548ba7db66d6943cfcb1c9435894f32b72b85747372a274c74473b19f302ce5cb806e212d55f3d24bb51a86592172b164a681268ddf16bd8aad727c514098e9beceae227543a64a7db1ba51a458e65b93e2a445cfe0f78f4e6f0eb8ce00c9dd92ec5ad5379996ab74b555369da3e55e5b7d8552a6a5ceeb8e691c9c8c44e8bd11f9f80140eeef63eef1e8cbbcdfb0c92ddaeeccae4ee658ea19475488b9e8f8a4546f4f56bd73f002c7dcb806e212d55f3d24bb51a86592172b164a681268ddf16bd8aad727c5140a8b497668f117ab990c91edecf6a8649163e7bb55434aacc7df398e7f3a37e3cbf40134d59d967c45e9559d59a3a9ef90c51acab2da6e30cbcc899e8d6b9cd72bba78237a81402702bc40b9511369353f5f5a25402e2d9fb2a788dbb53d44b2690a3b72c4ce76c75975a7474ab85f75bcae775fa71e20521a8bb3c3888d335114551b5f77ab591bce8fb72c754d4eb8c2ac6e7617e0a0796cfc00f10b7bb8c5470ed55fa0924ce24ac89b4f137099eaf7b91a9f5a815d3fb29f88d659595e9a4689f239dcab42dbb53f7ed4ebd5539b971d3f0bcc0a0ae5c0371096aaf9e925da8d432c90b958b253409346ef8b5ec556b93e28a04f34ef66c7119a92892aa1db7aba28d5ce6a36e35505349d13f01ef47617c971d4096ea0ecf6e21f4e56b69a7dadbcd539cc47a496f48eaa3c7a2ba3739117a782f503d9a63b38f88ad54923a0db4b8503637b58ab749a1a4ce7cd1247a2aa279aa201ecd5bd9a3c45e9164d249b7b3dd618e448f9ed3550d52bf3f7cd635fceadf8f2fd2053b6de01b884bad7c14916d46a18a499c8c492a6048636fc5cf7aa35a9f15502e969cec8fe212fb6ca9aaa9b5596c92c49fb5d25c2e8cef665ca746f768f6a74cae5ca9e00507a9fb38f88ad2a91ba7db4b857b647b988b6b9a1abc63cd5237aaa22f92aa012cb3f003c42deee3151c3b557e824933892b226d3c4dc267abdee46a7d6a054177eccde23acd6e92b24dba9aa591b39dd151d7534d2f8e308c6c8aae5f3c2228149a702bc40b9511369353f5f5a25402a2bdf66ef11b61b6a56cdb695d531ab91ab150d4d3d44a99fe23245763d7a74029d4e05788172a226d26a7ebeb44a8057f43d961c47d6d0d4d4bb4553d2ba16b5cda79eeb4c924b9f26223d5329e79540290bef67df10da7ee0ea39f6aef952f6b51dde50b195312a2fa3e372a67e1902369decf0e22353544b153ed7dde91636f3abee2b1d2b57ae308b239b95f82017eb6f3b18775f5151cb51aa751587492ac2e7434cd73eb655931eeb5fc986b533e2a8e7631e0a05b9d67d94bc43e93ac9e3a4d3343a969a36b9eda9b4dca2547a2792364563b2be9802daffbc5b880ff00249aa3fee4a0563a47b31f88bd5cda6913413ecf0ceaa9de5deb61a758f19eaf62b95e9e1d3dd02e56a8ec6ddeeb2dae0a9b65c34cdfea563e69a8e9eb5f13d8eebeeb564635aef04eb94eabe1e6059ad45d9e1c44699a88a2a8dafbbd5ac8de747db963aa6a75c6156373b0bf0501a77b3c3888d4d512c54fb5f77a458dbceafb8ac74ad5eb8c22c8e6e57e0806456cdf6316e16a1b8d2d46e36a1b6e94b47ce9a96d927b656b93a7ba8b848d8be3d72ec63c140aef884ec5f918c6dc767351249cac6b64b26a2930e7aa2222bd950d6e32be3cae6a275f9c9e00621ea7ece3e22b4aa46e9f6d2e15ed91ee622dae686af18f3548deaa88be4aa804b2cfc00f10b7bb8c5470ed55fa0924ce24ac89b4f137099eaf7b91a9f5a81505dfb33788eb35ba4ac936ea6a9646ce7745475d4d34be38c231b22ab97cf088a05269c0af102e5444da4d4fd7d689500abe6ecc7e2461a57cebb7723918c57ac6cb95239eb84ce11125eabf00290ff78b7101fe493547fdc940995d3b3df888b45251544bb597a99956ce763295239dec4e9d246b1caac5ebe0e44f3f4503ad8bb3ef886d41706d1c1b577ca67b9aaeef2b98ca689113d5f239133f0c8102e5c0371096aaf9e925da8d432c90b958b253409346ef8b5ec556b93e28a04eac3d9b7c46ea1a0f6b876d6b6923572b123afaaa7a693a79f23e44763e3802597decfbe21b4fdc1d473ed5df2a5ed6a3bbca1632a62545f47c6e54cfc3204d74a766d7115ab5a8f8b6e2b2db1aca912baeb510d2aa787bdcaf7a3b9533e289ea04cb56765ff117a5195327ec19b78860623d5f69af82757e7c9ace647b953d11a0511fef16e203fc926a8ffb928170746f658f113ab66a549b48d3e9ea79d8922d45e2e10c691a2e3e7318ae7a2f5ce3973d3d409eeb4ec8de2034bba35b75bacbaa637e32eb5dc9ac562f5f149923f4f2cf8a0169eb380ce20e86ae6a77ed36a37be27ab15d0d3248c5545c65ae6aaa393e28b8502abd23d98fc45eae6d3489a09f67867554ef2ef5b0d3ac78cf57b15caf4f0e9ee8196db0fd8b3151dc22b8eee6ab8ebe9d8a8ef9134eab98d93af84950f44763e0c6a2ff001900d98689d1362db8d2b6dd37a6ad94f67b25ba24869a8e99bcac8da9fa557c5557aaaae5409e0124d4fa81966a458e3722d6ca988d9e38fe3281465ae8d53de7655cab9555f35027b1b79500ee00000000000003a4ace645024972a1555e7665ae45ca2a78a28152696d55eddcb455ae46d5b7a31ebd1244fd6055000000000000000000000000000000000000000000000000000000000000000000000000000000000000000000000000000000000000000024da8f51c563a7c35125ab7a7ed717f7afc00a1a0826afa97d4d4b96499eb9572813ca781234403d000000000000000000853428f4024b5d6d55773b32d722e5153c5009b5b35bcf49cb15c6259589d3be8fe77d69e605474ba9ad7598eeeb62455fbd7af2aff681326c8d7fcd723be85c81d80eae91acf9ce46fd2b8025d51a9ad54aee592be1477a23b9bf401e8a5bb51572660ab865f835e99fb00f522e5329d500e1cf6b3e7391bf4a812faad496ba25c4b5d0b5738c23b997fb008f4b76a2ae4cc1570cbf06bd33f601ea45ca653aa01d649a389155ef6b11132aae5c01d61aa86a111629a39117cd8e450228109f57044a88f9a362aae111ce44c8111ae47a65aa8a9f0500aa889955c27aa810bdae059393be8f9fc7979d33f60115172994ea8070e918c5f79cd6fd2b80396b91c9945454f54038748d67ce7237e95c01c473472a22b1ed7a2a6515ab903b2ae132bd100f3cd72a4a77b592d5431b9de08e91115408ed91aff9ae477d0b903955444caae13d540ead958e5c23daabe88a07703aa3dae5c239157d1140ec042754c2c7235d2b1ae5e888ae4ca81111c8e4ca2a2a7aa00739189972a227c540f0545fedb48f464b5d031d9c639d3207a60ada7aa623a19e395abe0ac7a2811c08724f1428ab248c62278ab9c8807961be5ba793bb8eba9deff449100f6b5c8f4cb55153e0a01ce46265ca889f15025f59a8adb419efab616aa78b51dccbf62010e8f545aabb1dd56c595fbd7af2aff681336c8d7fcd723be85c81caaa22655709eaa0756cac72e11ed55f44503b81d3bd6671cedcfa640ee0708a8b9c2a2e3c402b91a9955444f55008b94ca754038748d62e1ce445f8a81ca391c9945454f5403abe5646997bdad4f1f7970071154453a22c72b2445f056b9140880419aae0a66aba59a389a9e2af722600874d73a3ac45582aa1971e3c8f4503d20749278a145592463113c55ce44025557abad5499cd5b6577e0c29cebfd9d0090dc75cd455663b740b0b57fe5654cbbea4f002510d14b533acf50f74b2bbc5ef5caa8138829d2344c201e844c000000000000000000000e8f891c8078e7a06bf3d0097cd656b97e681e74b4c90aaac6f7c6abf82e5401ec355f8c4df9c5fd6016d524ca8b23df22ff19caa0776d8da89f340e1d6344ea8980384b7d431a8d6cd2b5a9e088f544400eb54b363bc91efc7873395700766d8da89f340e1d634f24c281c25ba762235b34ad6a78223d51100eafb3be65cc8e73d57cdcaaaa07096458d515aaad54ea8a8b80227b054fe3137e714085f217378a67e903bb2d73428bddc923117c9ae5400eb74f2355af9a5737d1cf55403a7c8499ce3afa8111b6ea86351ad9a56b53c111ea8880747d9df33b99ef73ddeae555503b476b9a14c472c8c4f1c35ca807125a6499516491f263f09caa070cb3be25cc6e73153cdaaa807775baa1e8ad74d2b9abe28af554503a7c848be29903b32d3242aab1bdf1af9f2b95003edd3cad56be695cd5f273d5500e8db2ba37239ae735c9e0a8b850227b0d4ff00cfcdf96a04365a2489dccc73d8ef56aaa28111286abcea26fcb5021fc879f1caa81dd96d9e26f2b25918df46bd5100e5d6b966c249248f44f047395402589b8f9a070b64e5eadca2fc00edec353f8c4df9c503aad99d2b955ee73d57c55cb901f2137f040e5b6b961ca47248c45f1e572a6403ad72cd8492491e89e08e72a81dd9636a79007d91aa9f340e89699215558def8d57f05ca8070fb74f2b55af9a57357c9cf55403a36cae8dc8e6b9cd72782a2e1408bec353ff003f37e5a81052c8a8b9455cf8e720455a1aafc626fce281d196b9a37395b2cad5778aa39532072fb64f2b795f34af6fa39caa8072cb75446d46b6795ad4f0447aa201d5f677ccee67bdef77ab955540eccb64d1379592c8c6fa35ea88070fb43e65cc8f7c8be19739540e1b655895158aac54f056ae0089ec3539ff00ea26fce281d3e4557aaabb2e555caaaae402d8913c131f401dd2df50d4446cf2a2278223d7a01c7c8ee91cae7b9cf55f1572e7207a61b3b5bf7a07ba1a06b3c80f5b22468113c0000000000000000000000000c01c2b1140ebdd201c7729e8073dd201cf76801634038ee9007748073dda0058d00e3ba401dd200ee900774803ba401dd200ee900774803ba401dd200ee900774803ba401dd200eed3d100774803ba401dd200ee900774803ba401dd200ee9007748073dda01c2c68a03ba400912201cf768071dd200ee900e518801588a071dd200ee900774803ba401dd200ee53d00e3b94f4039ee900774803ba401dd200ee900774803ba40091a27900eed17c80774801224403b235100e400000000000000000000000000000000000000000000000000000000000000000000000000000000000000000000000000000000000000000000000000000000000000000000000000000000000000000000000000000000000000000000000000000000000000000000000000000000000000000000000000000000000000000000000000000000000000000000000000000000000000000000000000000000000000000000000000000000000000000000000000000000000000000000000000000000000000000000000000000000000000000000000000000000000000000000000000000000000000000000000000000000000000000000000000000000000000000000000000000000000000000000000000000000000000000000000000000000000000000000000000000000000000000000000000000000000000000000000000000000000000000000000000000000000000000000000000000000000000000000000000000000000000000000000000000000000000000000000000000000000000000000000000000000000000000000000000000000000000000000000000000000000000000000000000000000000000000000000000000000000000000000000000000000000000000000000000000000000000000000000000000000000000000000000000000000000000000000000000000000000000000000000000000000000000000000000000000000000000000000000000000000000000000000000000000000000000000000000000000000000000000000000000000000000000000000000000000000000000000000000000000000000000000000000000000000000000000000000000000000000000000000000000000000000000000000000000000000000000000000000000000000000000000000000000000000000000000000000000000000000000000000000000000000000000000000000000000000000000000000000000000000000000000000000000000000000000000000000000000000000000000000000000000000000000000000000000000000000000000000000000000000000000000000000000000000000000000000000000000000000000000000000000000000000000000000000000000000000000000000000000000000000000000000000000000000000000000000000000000000000000000000000000000000000000000000000000000000000000000000000000000000000000000000000000000000000000000000000000000000000000000000000000000000000000000000000000000000000000000000000000000000000000000000000000000000000000000000000000000000000000000000000000000000000000000000000000000000000000000000000000000000000000000000000000000000000000000000000000000000000000000000000000000000000000000000000000000000000000000000000000000000000000000000000000000000000000000000000000000000000000000000000000000000000000000000000000000000000000000000000000000000000000000000000000000000000000000000000000000000000000000000000000000000000000000000000000000000000000000000000000000000000000000000000000000000000000000000000000000000000000000000000000000000000000000000000000000000000000000000000000000000000000000000000000000000000000000000000000000000000000000000000000000000000000000000000000000000000000000000000000000000000000000000000000000000000000000000000000000000000000000000000000000000000000000000000000000000000000000000000000000000000000000000000000000000000000000000000000000000000000000000000000000000000000000000000000000000000000000000000000000000000000000000000000000000000000000000000000000000000000000000000000000000000000000000000000000000000000000000000000000000000000000000000000000000000000000000000000000000000000000000000000000000000000000000000000000000000000000000000000000000000000000000000000000000000000000000000000000000000000000000000000000000000000000000000000000000000000000000000000000000000000000000000000000000000000000000000000000000000000000000000000000000000000000000000000000000000000000000000000000000000000000000000000000000000000000000000000000000000000000000000000000000000000000000000000000000000000000000000000000000000000000000000000000000000000000000000000000000000000000000000000000000000000000000000000000000000000000000000000000000000000000000000000000000000000000000000000000000000000000000000000000000000000000000000000000000000000000000000000000000000000000000000000000000000000000000000000000000000000000000000000000000000000000000000000000000000000000000000000000000000000000000000000000000000000000000000000000000000000000000000000000000000000000000000000000000000000000000000000000000000000000000000000000000000000000000000000000000000000007fffd9, '2022-05-04', 111);

-- --------------------------------------------------------

--
-- Table structure for table `working_hours`
--

CREATE TABLE `working_hours` (
  `start_time` time DEFAULT '08:00:00',
  `end_time` time DEFAULT '17:00:00',
  `slot` int(11) DEFAULT 50,
  `available` int(11) DEFAULT NULL,
  `day_of_the_week` date DEFAULT NULL,
  `employee_id` int(11) DEFAULT NULL
) ENGINE=InnoDB DEFAULT CHARSET=utf8mb4;

--
-- Dumping data for table `working_hours`
--

INSERT INTO `working_hours` (`start_time`, `end_time`, `slot`, `available`, `day_of_the_week`, `employee_id`) VALUES
('08:00:00', '17:00:00', 50, NULL, NULL, 103),
('08:00:00', '17:00:00', 50, NULL, NULL, 103);

--
-- Indexes for dumped tables
--

--
-- Indexes for table `appointment`
--
ALTER TABLE `appointment`
  ADD PRIMARY KEY (`Appointment_ID`),
  ADD KEY `file_number` (`file_number`),
  ADD KEY `employee_id` (`employee_id`);

--
-- Indexes for table `bookings`
--
ALTER TABLE `bookings`
  ADD PRIMARY KEY (`id`);

--
-- Indexes for table `department`
--
ALTER TABLE `department`
  ADD PRIMARY KEY (`Department_ID`),
  ADD KEY `Employee_ID` (`Employee_ID`);

--
-- Indexes for table `employee`
--
ALTER TABLE `employee`
  ADD PRIMARY KEY (`Employee_ID`),
  ADD KEY `Department_ID` (`Department_ID`);

--
-- Indexes for table `intake_appointments`
--
ALTER TABLE `intake_appointments`
  ADD PRIMARY KEY (`id`),
  ADD KEY `Therapist` (`Therapist_ID`);

--
-- Indexes for table `patient`
--
ALTER TABLE `patient`
  ADD PRIMARY KEY (`File_Number`);

--
-- Indexes for table `reports`
--
ALTER TABLE `reports`
  ADD PRIMARY KEY (`File_Number`,`Report_ID`),
  ADD KEY `Report_ID` (`Report_ID`),
  ADD KEY `Type` (`Type`);

--
-- Indexes for table `report_type`
--
ALTER TABLE `report_type`
  ADD PRIMARY KEY (`Type`);

--
-- Indexes for table `treatment_session`
--
ALTER TABLE `treatment_session`
  ADD PRIMARY KEY (`File_Number`,`Session_ID`),
  ADD KEY `Session_ID` (`Session_ID`);

--
-- Indexes for table `upload`
--
ALTER TABLE `upload`
  ADD PRIMARY KEY (`id`),
  ADD KEY `File_Number` (`File_Number`);

--
-- Indexes for table `working_hours`
--
ALTER TABLE `working_hours`
  ADD KEY `employee_id` (`employee_id`);

--
-- AUTO_INCREMENT for dumped tables
--

--
-- AUTO_INCREMENT for table `appointment`
--
ALTER TABLE `appointment`
  MODIFY `Appointment_ID` int(11) NOT NULL AUTO_INCREMENT, AUTO_INCREMENT=93;

--
-- AUTO_INCREMENT for table `bookings`
--
ALTER TABLE `bookings`
  MODIFY `id` int(11) NOT NULL AUTO_INCREMENT, AUTO_INCREMENT=18;

--
-- AUTO_INCREMENT for table `employee`
--
ALTER TABLE `employee`
  MODIFY `Employee_ID` int(11) NOT NULL AUTO_INCREMENT, AUTO_INCREMENT=109;

--
-- AUTO_INCREMENT for table `intake_appointments`
--
ALTER TABLE `intake_appointments`
  MODIFY `id` int(20) NOT NULL AUTO_INCREMENT, AUTO_INCREMENT=35;

--
-- AUTO_INCREMENT for table `patient`
--
ALTER TABLE `patient`
  MODIFY `File_Number` int(11) NOT NULL AUTO_INCREMENT, AUTO_INCREMENT=124;

--
-- AUTO_INCREMENT for table `reports`
--
ALTER TABLE `reports`
  MODIFY `Report_ID` int(11) NOT NULL AUTO_INCREMENT, AUTO_INCREMENT=1221155;

--
-- AUTO_INCREMENT for table `treatment_session`
--
ALTER TABLE `treatment_session`
  MODIFY `Session_ID` int(11) NOT NULL AUTO_INCREMENT;

--
-- AUTO_INCREMENT for table `upload`
--
ALTER TABLE `upload`
  MODIFY `id` int(11) NOT NULL AUTO_INCREMENT, AUTO_INCREMENT=59;

--
-- Constraints for dumped tables
--

--
-- Constraints for table `appointment`
--
ALTER TABLE `appointment`
  ADD CONSTRAINT `appointment_ibfk_1` FOREIGN KEY (`file_number`) REFERENCES `patient` (`File_Number`),
  ADD CONSTRAINT `appointment_ibfk_2` FOREIGN KEY (`employee_id`) REFERENCES `employee` (`Employee_ID`),
  ADD CONSTRAINT `appointment_ibfk_3` FOREIGN KEY (`employee_id`) REFERENCES `employee` (`Employee_ID`);

--
-- Constraints for table `department`
--
ALTER TABLE `department`
  ADD CONSTRAINT `department_ibfk_1` FOREIGN KEY (`Employee_ID`) REFERENCES `employee` (`Employee_ID`);

--
-- Constraints for table `employee`
--
ALTER TABLE `employee`
  ADD CONSTRAINT `employee_ibfk_1` FOREIGN KEY (`Department_ID`) REFERENCES `department` (`Department_ID`);

--
-- Constraints for table `intake_appointments`
--
ALTER TABLE `intake_appointments`
  ADD CONSTRAINT `intake_appointments_ibfk_1` FOREIGN KEY (`Therapist_ID`) REFERENCES `employee` (`Employee_ID`);

--
-- Constraints for table `reports`
--
ALTER TABLE `reports`
  ADD CONSTRAINT `reports_ibfk_1` FOREIGN KEY (`File_Number`) REFERENCES `patient` (`File_Number`),
  ADD CONSTRAINT `reports_ibfk_2` FOREIGN KEY (`Type`) REFERENCES `report_type` (`Type`);

--
-- Constraints for table `treatment_session`
--
ALTER TABLE `treatment_session`
  ADD CONSTRAINT `treatment_session_ibfk_1` FOREIGN KEY (`File_Number`) REFERENCES `patient` (`File_Number`);

--
-- Constraints for table `upload`
--
ALTER TABLE `upload`
  ADD CONSTRAINT `upload_ibfk_1` FOREIGN KEY (`File_Number`) REFERENCES `patient` (`File_Number`);

--
-- Constraints for table `working_hours`
--
ALTER TABLE `working_hours`
  ADD CONSTRAINT `working_hours_ibfk_1` FOREIGN KEY (`employee_id`) REFERENCES `employee` (`Employee_ID`);
COMMIT;

/*!40101 SET CHARACTER_SET_CLIENT=@OLD_CHARACTER_SET_CLIENT */;
/*!40101 SET CHARACTER_SET_RESULTS=@OLD_CHARACTER_SET_RESULTS */;
/*!40101 SET COLLATION_CONNECTION=@OLD_COLLATION_CONNECTION */;
